beerName,beerStyle,upc,quantityOnHand,price,createdDate,updateDate
Smooth Storm Wheat,ALE,010862772164,277,3.44,2023-02-02T10:05:02,2024-01-16T08:51:34
Ancient River Pilsner,ALE,893240039830,21,9.37,2024-11-11T05:14:15,2024-12-15T19:17:43
Session Bear Pilsner,PALE_ALE,423458735185,322,18.11,2023-10-10T23:31:37,2023-11-28T07:02:50
Frosty Falcon IPA,PILSNER,563230581679,437,9.13,2020-02-23T06:35:47,2024-10-24T18:32:49
Dark Bear Lager,PORTER,508779833149,405,18.7,2023-07-02T11:08:15,2024-11-28T04:06:04
Cloudy Tiger Stout,LAGER,159281019614,261,15.65,2023-06-20T03:37:35,2024-08-08T01:09:34
Roasted Dragon Lager,GOSE,257169058297,24,20.05,2023-03-28T17:06:02,2023-12-02T10:50:49
Crispy Forest Porter,ALE,340290331050,340,13.61,2022-07-03T04:43:24,2024-02-24T03:44:04
Hoppy Raven Lager,PILSNER,323560680033,349,9.16,2024-06-09T08:15:47,2024-06-17T01:50:17
Rustic Lion Wheat,PILSNER,910083392956,411,4.18,2021-04-25T10:22:05,2023-06-25T20:59:39
Wild Hawk Gose,IPA,294486801090,410,12.37,2023-12-26T22:41:53,2024-02-07T00:26:37
Session Fox Lager,GOSE,249303572062,8,23.97,2024-06-10T12:43:08,2024-07-27T04:22:47
Cloudy Dragon Bock,LAGER,532284082066,158,8.6,2022-02-22T15:38:29,2023-08-21T18:54:36
Amber Creek Pilsner,STOUT,295315053350,297,9.33,2024-06-04T14:38:24,2024-11-03T16:07:35
Ancient Eagle Porter,STOUT,863208993930,72,13.73,2021-09-08T18:01:33,2022-05-07T12:34:49
Dark Raven Ale,PALE_ALE,372818480031,355,12.48,2020-02-13T14:14:15,2023-08-11T16:38:51
Sweet Dragon Pilsner,STOUT,285298936229,159,9.61,2023-09-05T14:54:22,2023-10-31T07:40:06
Imperial Wolf Porter,GOSE,036281422756,112,19.48,2024-08-21T22:55:24,2024-09-28T12:13:03
Ancient Hawk Porter,STOUT,142671923615,28,5.72,2023-06-13T02:06:56,2024-02-06T11:26:00
Session Tiger Stout,IPA,347112897374,349,14.93,2021-01-03T07:42:53,2024-03-11T08:17:33
Frosty Peak Sour,ALE,681297410361,28,16.61,2023-07-05T04:10:28,2024-07-21T14:02:45
Golden River IPA,WHEAT,359339332663,436,24.21,2022-05-16T19:36:42,2024-10-21T21:11:36
Frosty Eagle Porter,IPA,130351937067,370,19.08,2021-12-28T18:18:45,2024-01-02T08:48:51
Hoppy Fox Lager,ALE,409112649860,403,12.62,2022-11-10T11:18:07,2023-09-03T09:48:57
Hazy Fox Wheat,PALE_ALE,701183298109,254,18.9,2023-01-23T02:54:25,2024-10-25T05:47:47
Sweet Dragon Stout,ALE,318536539419,464,5.75,2020-07-22T03:57:09,2024-03-12T18:48:33
Ancient Storm Ale,ALE,765819893718,301,10.84,2024-12-29T01:58:48,2024-12-29T06:38:03
Smooth Fox Pilsner,PILSNER,965280044959,432,15.8,2021-05-31T23:20:39,2023-02-03T10:43:28
Wild River Ale,STOUT,345440954375,41,13.28,2021-06-29T01:08:19,2022-10-13T14:52:26
Session Hawk Wheat,PALE_ALE,593244303307,268,18.93,2021-05-02T14:17:35,2022-02-08T20:23:19
Rustic Fox Sour,SOUR,491370321761,75,12.21,2022-04-07T15:30:38,2022-11-19T03:25:09
Bright Forest Ale,SOUR,059176370447,157,20.05,2024-01-03T18:38:29,2024-01-09T11:47:23
Sweet Storm Sour,GOSE,074628624464,250,19.8,2024-01-29T06:25:59,2024-03-01T02:30:12
Imperial Eagle IPA,PALE_ALE,508455432211,46,17.89,2021-01-06T07:10:47,2021-01-14T23:25:42
Bold Ridge Lager,LAGER,530166261917,218,10.64,2022-12-01T22:40:42,2024-08-19T02:51:33
Bold Dragon Gose,STOUT,494393938271,416,18.08,2020-11-23T07:48:05,2021-08-07T13:14:55
Golden Bear Lager,GOSE,662257045691,310,17.27,2020-12-10T23:55:54,2024-12-23T18:48:44
Smooth Creek IPA,ALE,535791036884,466,5.03,2020-10-24T20:06:48,2021-07-22T00:10:51
Wild River Gose,SOUR,997699875884,207,10.64,2020-10-22T16:14:28,2023-02-21T01:50:31
Cloudy Eagle Pilsner,STOUT,011560082628,457,14.39,2024-08-27T05:58:26,2024-09-14T01:54:53
Malty Forest Pilsner,ALE,311127184765,359,6.75,2020-01-11T14:32:37,2020-04-02T01:38:33
Malty Tiger IPA,ALE,639995108986,10,20.26,2020-02-20T18:17:57,2021-01-07T09:34:22
Wild Coast Porter,PORTER,324427716041,110,20.43,2022-05-31T18:04:18,2024-12-22T06:27:23
Sweet Mountain Ale,SOUR,045459925399,123,21.83,2023-04-07T22:02:09,2024-02-21T10:21:31
Cloudy Bluff IPA,WHEAT,638790614159,465,21.63,2021-01-25T20:53:05,2023-07-18T23:45:49
Smooth Storm Wheat,ALE,736956325281,170,6.89,2020-10-17T04:08:02,2021-10-30T07:12:18
Ancient Dragon Sour,ALE,683931586950,3,19.01,2021-11-24T15:48:20,2022-04-27T22:42:13
Rustic Peak Lager,STOUT,350318504245,134,7.68,2024-11-03T08:27:58,2024-11-14T22:13:10
Cloudy Mountain Stout,ALE,747620883261,154,12.36,2020-10-12T21:37:04,2021-12-12T19:30:30
Sweet Tiger Stout,ALE,221174280441,282,3.03,2021-01-20T20:34:23,2021-10-11T22:28:03
Bright Dragon Wheat,ALE,500584754142,354,12.13,2024-02-09T00:46:29,2024-02-12T05:40:17
Frosty Eagle Gose,PILSNER,125791031030,491,7.71,2024-02-01T14:45:02,2024-07-06T05:43:15
Golden Tiger Stout,ALE,071348738596,14,21.52,2020-01-03T00:35:33,2023-09-14T22:35:36
Bitter Dragon Stout,GOSE,197474592698,69,23.3,2024-10-05T22:48:48,2024-12-21T09:07:43
Wild Raven Stout,PORTER,766278328657,304,12.97,2023-02-28T05:05:12,2024-06-09T00:34:02
Ancient Coast Porter,IPA,361517695389,13,19.71,2023-09-15T10:33:55,2024-03-31T08:08:58
Session Storm Lager,SOUR,659739324510,337,13.22,2020-12-18T01:30:24,2021-02-02T17:25:58
Dark Lion IPA,PILSNER,953180501821,479,4.49,2022-09-12T19:58:28,2024-09-13T01:50:04
Imperial Ridge Stout,SOUR,772368702731,9,11.84,2024-12-17T23:26:16,2024-12-28T10:17:54
Wild Creek Wheat,WHEAT,978980403154,389,4.68,2022-11-15T00:20:43,2023-05-24T18:04:37
Crispy Tiger IPA,SOUR,566012335420,293,3.03,2024-06-18T19:28:56,2024-08-18T01:52:45
Frosty Dragon Wheat,SOUR,911924568453,45,14.96,2023-04-08T02:16:33,2024-07-10T15:01:40
Ancient Dragon Porter,IPA,773081157781,482,17.85,2021-04-13T22:32:38,2024-03-20T04:27:20
Frosty Ridge Bock,LAGER,522071443062,45,6.85,2021-07-10T15:24:40,2022-12-06T03:48:25
Bitter Storm Bock,STOUT,251042854142,435,19.19,2021-06-12T02:27:20,2024-09-25T19:40:32
Crispy Valley Sour,IPA,690203655851,258,9.7,2020-11-01T00:56:04,2022-08-15T02:15:22
Golden Bear Gose,ALE,886676195944,53,12.23,2024-05-01T19:39:57,2024-09-22T06:43:45
Dark Hawk Bock,LAGER,517654344876,132,7.44,2020-10-12T20:37:44,2022-12-27T02:00:24
Amber Wolf Porter,STOUT,204817118684,181,5.49,2023-11-18T16:28:42,2024-01-18T15:34:33
Malty Mountain Lager,LAGER,149839321010,367,24.67,2021-10-16T05:40:42,2023-12-04T01:46:52
Bright Hawk Lager,SOUR,736152551821,427,24.17,2023-11-13T17:06:23,2024-11-27T14:12:33
Hoppy Fox IPA,ALE,555861770775,98,21.43,2022-03-20T10:32:52,2024-01-14T09:45:29
Dark Bear Porter,WHEAT,417606086261,273,18.65,2024-07-25T01:12:19,2024-12-04T14:30:29
Hoppy Mountain Wheat,GOSE,501803678627,328,6.15,2020-04-01T08:03:35,2023-09-10T03:12:40
Imperial Peak Bock,WHEAT,328129512004,46,9.36,2023-10-12T00:21:02,2024-03-15T08:04:37
Bitter Creek Wheat,LAGER,069452327518,175,11.77,2024-09-25T18:06:02,2024-10-02T09:49:12
Wild Mountain Stout,ALE,077642478292,296,17.19,2022-07-28T18:16:59,2022-08-09T13:04:36
Rustic River Stout,SOUR,053946779932,94,14.68,2024-01-13T12:46:06,2024-06-17T11:59:28
Bitter Dragon Wheat,SOUR,119483751298,27,8.71,2021-07-05T12:07:08,2023-05-31T01:37:34
Sweet Bluff Stout,PALE_ALE,782814056312,378,5.89,2020-01-31T05:34:31,2021-05-08T07:45:24
Amber Raven Ale,SOUR,212969557462,411,18.2,2024-04-15T01:57:19,2024-08-28T16:51:12
Bitter Dragon Porter,IPA,277753669530,234,3.68,2021-11-15T00:03:04,2023-02-18T04:06:15
Roasted Valley Sour,STOUT,986405223727,174,12.94,2024-05-30T04:07:14,2024-10-24T03:02:07
Smooth Tiger IPA,ALE,810607952447,483,3.69,2022-07-16T00:47:14,2024-12-25T17:11:58
Dark Fox Gose,IPA,809054287093,342,11.79,2022-05-28T09:06:12,2023-05-24T07:21:05
Amber Bluff Gose,LAGER,051782702815,464,4.07,2021-11-12T09:56:59,2023-11-03T20:16:36
Hazy Raven Sour,PILSNER,350144024214,64,8.32,2024-02-15T07:22:52,2024-03-12T20:30:13
Hazy Wolf Sour,ALE,022097681565,446,10.7,2024-07-19T22:17:02,2024-12-12T21:06:02
Bright Falcon Pilsner,WHEAT,040121982596,65,13.67,2020-12-26T10:26:18,2021-11-13T20:51:05
Bold Tiger Wheat,ALE,386629533218,445,6.83,2023-07-05T13:33:50,2023-10-24T13:03:52
Bright Coast Ale,STOUT,017888485137,73,13.54,2022-04-12T15:36:59,2024-12-24T19:28:45
Malty Fox Gose,LAGER,490387841236,335,8.66,2022-03-03T05:27:12,2024-06-07T05:37:54
Dark Bear Lager,SOUR,889960506240,359,9.26,2023-06-11T20:50:46,2024-09-01T14:56:13
Malty Falcon Wheat,PALE_ALE,901613621827,486,4.49,2021-10-24T04:51:12,2024-10-19T11:04:26
Bold Mountain IPA,GOSE,512526362014,49,19.5,2023-04-06T10:05:30,2023-05-20T11:58:39
Roasted Storm Bock,PILSNER,516695546242,474,16.43,2024-10-19T18:25:36,2024-11-13T11:09:33
Amber Mountain Pilsner,PORTER,028031502125,60,3.19,2024-04-14T12:50:54,2024-05-13T23:06:20
Roasted Eagle Wheat,PALE_ALE,289326882143,237,21.55,2023-02-13T17:21:33,2023-03-15T01:36:01
Session Bear Bock,IPA,274299957496,145,24.05,2022-12-15T08:21:35,2023-07-25T12:27:37
Hazy Storm IPA,PALE_ALE,319941523966,438,10.12,2022-09-01T21:40:54,2024-09-29T12:37:53
Hoppy Bluff Ale,GOSE,871041084649,355,15.59,2023-10-25T02:29:04,2024-02-05T15:13:07
Roasted Wolf Pilsner,GOSE,944296555758,176,8.24,2022-01-11T21:45:45,2022-05-08T18:42:49
Dark Forest IPA,SOUR,524792930619,210,13.53,2020-06-30T18:16:18,2022-02-20T02:55:34
Amber Falcon Lager,GOSE,289417231363,55,7.4,2023-12-21T13:42:46,2024-04-07T21:27:40
Frosty Bluff IPA,ALE,775118589076,404,10.09,2024-12-30T19:03:45,2024-12-30T20:16:45
Golden Hawk Pilsner,WHEAT,911890444533,297,12.22,2023-11-29T18:13:37,2024-11-20T15:47:45
Imperial Creek Wheat,GOSE,653066004047,448,19.69,2020-05-28T14:56:34,2024-07-30T06:48:41
Malty Ridge Pilsner,GOSE,334481329700,417,23.6,2020-01-17T18:23:38,2022-04-11T20:57:48
Frosty Bear IPA,ALE,666092185611,30,19.22,2022-05-05T18:47:30,2022-10-21T09:50:08
Imperial Valley Stout,IPA,190062623144,500,15.08,2024-05-05T14:43:30,2024-10-19T09:07:20
Bold Wolf Sour,GOSE,188641177620,118,10.9,2024-05-28T09:08:23,2024-11-28T04:13:49
Imperial Bluff Ale,GOSE,936420100879,298,15.31,2023-04-06T00:51:24,2024-02-21T02:50:50
Hoppy Storm IPA,GOSE,598559249656,391,8.69,2021-04-25T02:38:59,2023-07-20T01:38:55
Amber Hawk IPA,GOSE,986656953094,366,14.61,2021-05-19T00:52:16,2024-07-02T06:34:15
Cloudy Bear IPA,ALE,363577232246,374,12.63,2024-05-06T00:48:35,2024-05-26T22:58:31
Bold Bear Sour,GOSE,844835324557,11,6.51,2020-11-20T08:53:40,2021-07-06T19:55:42
Golden Coast Porter,LAGER,354630404941,137,19.18,2022-03-05T06:42:55,2024-12-14T02:03:57
Hazy Forest Stout,PILSNER,733867371613,389,22.82,2021-04-08T19:10:32,2023-04-08T05:11:01
Cloudy Creek IPA,IPA,487129442665,108,18.66,2020-04-01T21:44:41,2024-11-13T22:55:20
Rustic Mountain Bock,ALE,819895533332,94,14.14,2020-05-04T14:55:01,2023-04-30T01:31:57
Crispy Hawk IPA,LAGER,518991155844,460,3.73,2022-09-25T04:55:17,2023-04-17T16:36:20
Smooth River Lager,IPA,093659817105,132,9.05,2021-09-27T23:24:54,2024-01-08T08:24:11
Sweet Hawk Pilsner,WHEAT,701621881183,177,12.13,2024-05-30T21:33:13,2024-06-20T05:49:38
Bitter Tiger Bock,PORTER,725605949573,175,17.89,2023-04-11T03:20:32,2023-05-31T14:28:49
Malty Ridge Stout,PALE_ALE,924971102721,275,4.18,2024-02-04T20:41:16,2024-10-17T02:16:00
Frosty Coast Gose,GOSE,382863784120,495,22.79,2024-10-27T02:10:47,2024-11-26T00:50:05
Roasted Wolf Ale,PALE_ALE,992389155344,296,12.4,2021-12-18T19:10:04,2024-04-09T16:03:25
Malty Falcon Stout,GOSE,462917318356,199,10.39,2023-05-11T09:04:38,2023-05-18T06:53:34
Hoppy Falcon Bock,GOSE,166423557887,192,7.93,2024-02-07T02:18:05,2024-08-16T19:22:35
Cloudy Wolf Wheat,WHEAT,858213514418,230,6.03,2021-08-18T11:41:22,2022-02-09T18:49:26
Amber Valley Wheat,STOUT,698702521290,241,22.8,2023-02-13T13:11:09,2024-12-13T20:08:29
Smooth Hawk Stout,IPA,930786752743,399,22.22,2020-02-26T02:56:00,2021-03-14T02:59:45
Bold Forest Bock,PILSNER,109083377824,483,19.77,2022-03-12T15:05:28,2022-04-26T05:17:30
Bright Raven Ale,PORTER,274913823638,173,24.1,2024-01-18T13:29:45,2024-04-28T05:20:01
Cloudy Creek Wheat,PALE_ALE,278410395461,314,4.32,2020-05-25T07:28:41,2022-07-17T00:17:37
Sweet Tiger Pilsner,WHEAT,790435175963,395,19.97,2020-03-13T11:30:42,2021-02-15T03:42:24
Rustic Lion Ale,PILSNER,646029118180,234,5.51,2023-04-12T17:49:57,2024-07-07T22:33:04
Smooth Bear Gose,WHEAT,637300217732,364,5.23,2020-02-26T11:02:55,2022-12-27T21:26:57
Wild Ridge Stout,GOSE,795071088182,109,13.76,2021-09-28T03:23:16,2022-06-10T23:20:03
Rustic Tiger Gose,ALE,245758418442,244,4.07,2024-05-05T12:57:11,2024-11-06T20:01:16
Malty Raven Wheat,PORTER,179071515346,35,8.15,2021-10-02T04:39:12,2024-04-04T00:30:25
Smooth Storm Ale,ALE,768679501646,179,17.62,2024-05-13T23:25:08,2024-12-23T19:50:24
Hazy Ridge Lager,PALE_ALE,747745032313,469,13.27,2020-11-23T21:19:09,2024-03-30T07:18:13
Hoppy Peak Gose,PORTER,732962506097,32,4.11,2021-03-09T22:21:03,2024-03-10T23:01:20
Amber Creek IPA,PORTER,963948718470,109,18.67,2022-05-29T23:44:07,2022-09-19T19:44:28
Hazy Hawk Ale,GOSE,140212509132,468,21.11,2024-03-23T12:51:56,2024-08-17T23:41:22
Imperial Falcon Bock,SOUR,995708980209,405,4.81,2023-10-19T07:28:48,2023-11-04T02:52:47
Cloudy Forest Stout,PALE_ALE,002892310996,381,11.11,2023-05-06T16:25:07,2023-12-17T21:55:07
Sweet Fox Porter,PALE_ALE,077854414929,128,9.67,2024-05-01T23:02:20,2024-12-30T08:54:25
Hoppy Raven IPA,LAGER,729408545354,354,15.22,2024-04-21T12:37:04,2024-12-21T17:10:34
Wild Bear IPA,SOUR,270253662846,39,13.21,2023-09-21T19:03:21,2024-05-22T17:17:54
Crispy Storm Stout,GOSE,626303291210,246,4.18,2022-03-18T12:57:01,2022-07-26T07:27:52
Bitter Bear Bock,GOSE,033941753430,153,11.36,2021-06-22T00:20:12,2021-08-15T22:26:12
Bold Bear Sour,STOUT,634607696384,112,19.64,2023-12-07T05:22:26,2024-06-19T01:41:00
Malty Raven Stout,PILSNER,956769347978,364,3.6,2022-06-09T13:14:40,2023-07-21T22:43:37
Frosty River IPA,PALE_ALE,526709189685,454,3.22,2022-04-07T23:18:37,2023-12-12T05:37:36
Ancient Bear Porter,ALE,027820811050,99,16.6,2020-09-23T22:36:34,2024-05-13T19:37:25
Frosty Storm IPA,WHEAT,057358649799,485,12.9,2020-06-24T21:07:33,2021-01-30T20:33:34
Amber Forest Lager,PORTER,628445936874,38,6.98,2021-09-02T10:20:21,2023-04-28T18:45:09
Session Bluff Porter,WHEAT,449016828933,53,17.81,2022-01-11T21:17:50,2024-05-23T16:35:24
Hazy Hawk IPA,PALE_ALE,804767606781,327,3.21,2021-08-06T06:18:34,2024-07-16T08:55:17
Bright Valley Porter,SOUR,391577452603,466,8.85,2022-12-25T08:50:36,2023-05-01T14:38:56
Malty Forest Porter,STOUT,922016935991,468,18.69,2024-07-18T21:01:22,2024-11-22T19:24:11
Imperial Forest Lager,GOSE,551790662308,500,6.27,2020-12-29T19:43:17,2024-07-24T10:36:19
Session Eagle Bock,LAGER,468869816600,0,13.19,2022-07-14T11:03:13,2024-10-30T18:48:21
Bright Mountain Porter,LAGER,565664807200,32,18.07,2020-12-02T22:53:30,2021-07-11T06:58:31
Malty Raven IPA,ALE,178907852045,499,24.62,2022-01-04T09:42:14,2023-10-07T04:23:47
Rustic Lion Lager,SOUR,260876157058,199,4.33,2021-10-20T17:01:18,2024-03-02T12:12:09
Sweet Forest Lager,ALE,330985170267,169,24.23,2024-04-18T10:34:05,2024-08-19T11:21:37
Cloudy Storm Sour,PILSNER,568423114838,294,4.01,2023-11-20T10:50:20,2024-10-10T08:28:30
Cloudy Creek IPA,PORTER,593588261046,293,12.91,2020-03-06T15:20:07,2022-12-10T10:26:03
Session Lion Bock,PALE_ALE,795751206450,343,18.64,2023-11-20T01:41:29,2024-02-07T02:45:44
Sweet Mountain IPA,GOSE,309052372041,454,4.27,2022-04-20T22:51:15,2022-11-15T08:22:41
Session Storm Sour,ALE,510100712497,75,4.74,2023-02-28T00:10:55,2024-01-13T10:46:13
Bright Falcon Bock,PILSNER,236376318571,214,14.12,2024-06-16T01:04:52,2024-08-17T01:56:15
Hazy Mountain Lager,PILSNER,045205191250,100,8.76,2023-10-01T12:07:37,2024-12-26T15:54:39
Bold River IPA,ALE,433704688451,295,19.47,2023-02-01T20:52:51,2024-04-14T12:57:23
Session River Ale,ALE,980295131707,387,18.87,2022-04-23T09:14:00,2023-11-02T08:45:23
Smooth Forest Gose,SOUR,098025250630,48,11.74,2022-02-26T00:16:13,2022-05-07T07:20:25
Imperial Eagle Sour,WHEAT,528464436708,5,9.83,2021-03-01T22:05:08,2021-04-27T17:11:11
Crispy Dragon Pilsner,LAGER,873758831290,240,10.52,2023-02-17T05:45:02,2023-10-21T11:56:40
Smooth Wolf Pilsner,PORTER,203137775857,469,23.0,2021-07-03T07:58:25,2022-07-17T20:34:55
Sweet Raven Pilsner,LAGER,739758433412,462,4.62,2021-05-07T21:58:28,2023-04-21T05:30:31
Bold Coast Ale,GOSE,115671363687,114,12.08,2022-05-14T09:09:24,2022-07-16T22:46:32
Ancient Peak IPA,GOSE,799469190143,194,23.11,2022-07-04T07:26:50,2022-08-04T14:11:55
Golden Peak Bock,PORTER,030928247456,146,20.05,2021-02-21T06:12:19,2021-06-08T01:47:24
Crispy Bluff Stout,PORTER,301351790454,288,16.08,2024-07-22T14:58:06,2024-11-05T23:47:22
Dark Fox Lager,ALE,499666657548,286,9.91,2020-01-13T20:23:17,2023-05-04T18:50:07
Sweet Eagle Lager,IPA,959230232325,205,4.3,2020-11-02T12:36:20,2024-05-13T18:14:55
Wild Mountain IPA,WHEAT,722463341537,155,19.98,2024-02-14T10:47:46,2024-10-23T13:10:33
Session Raven Gose,IPA,291727385360,73,16.94,2022-07-22T16:43:20,2024-12-11T05:39:21
Ancient Falcon Sour,GOSE,835000936701,193,4.87,2023-11-06T06:07:56,2024-07-07T16:25:41
Bright Eagle Pilsner,LAGER,251954105251,466,21.28,2023-02-27T12:21:01,2024-11-19T02:14:42
Bitter Fox Wheat,ALE,212175597300,178,12.58,2021-12-14T14:25:39,2024-09-16T21:14:57
Hazy Eagle Wheat,WHEAT,773364473549,288,11.29,2023-06-16T04:48:19,2023-06-27T22:14:37
Hazy Forest IPA,PALE_ALE,651819247773,496,21.53,2020-08-21T02:51:25,2023-12-30T10:46:44
Crispy River Stout,WHEAT,079270946579,205,24.78,2022-12-11T04:08:44,2023-08-26T18:57:41
Hoppy Forest Ale,IPA,606231985947,295,15.63,2022-06-08T11:53:17,2024-11-08T07:27:25
Golden Hawk Stout,IPA,326460931459,110,16.55,2023-11-04T17:33:54,2024-04-10T02:17:12
Sweet Creek Bock,PALE_ALE,034704450259,393,9.49,2021-12-17T12:58:27,2024-10-27T18:18:07
Hazy Fox Bock,ALE,373034044992,92,13.34,2023-08-31T11:02:58,2024-03-31T19:40:20
Sweet Lion Gose,SOUR,016540329809,114,17.19,2021-08-13T13:16:38,2021-09-25T21:56:00
Amber Creek Porter,GOSE,649915480549,27,11.04,2023-02-21T14:25:39,2024-06-21T21:18:01
Ancient Raven Bock,WHEAT,957719437091,248,12.91,2021-07-10T14:33:46,2021-12-25T10:25:54
Sweet Mountain Wheat,PALE_ALE,929304179368,230,10.0,2022-11-19T01:00:46,2023-03-15T23:45:21
Rustic Bluff Bock,WHEAT,241020026501,481,17.75,2022-12-18T03:20:23,2024-07-13T11:15:23
Ancient Fox Porter,PORTER,273851797647,369,10.51,2021-06-23T01:53:42,2024-12-17T04:19:31
Bright Coast Ale,PORTER,622456774472,6,17.26,2023-05-15T13:03:44,2024-06-18T15:03:31
Bold Valley Sour,STOUT,898998120805,195,24.77,2023-12-26T16:22:59,2024-01-09T12:23:15
Hazy Mountain Ale,LAGER,635861576531,242,16.14,2023-10-16T22:27:29,2024-07-12T22:20:26
Bitter Tiger IPA,PALE_ALE,557858029928,346,21.67,2023-09-10T09:04:25,2024-12-01T00:41:43
Bitter Storm Lager,SOUR,577028398029,117,12.05,2021-10-04T08:38:59,2023-02-06T16:27:13
Bright Wolf Porter,SOUR,638787949586,235,12.47,2024-01-25T18:09:31,2024-06-08T12:00:24
Session Lion IPA,LAGER,154077591142,319,7.28,2022-02-18T19:51:00,2022-08-28T15:19:10
Hoppy Peak IPA,IPA,691703405105,211,15.28,2020-12-15T03:49:56,2023-10-23T23:24:11
Hoppy Wolf Pilsner,GOSE,863727571154,349,4.66,2023-11-07T11:19:43,2024-11-08T03:45:08
Bold Mountain Stout,SOUR,830223815277,130,5.56,2023-05-31T06:27:05,2024-05-08T05:00:48
Cloudy Hawk Bock,GOSE,830280638123,482,22.7,2023-08-21T10:43:46,2024-06-10T05:07:05
Golden Lion IPA,IPA,301378961828,455,6.99,2024-07-18T19:22:35,2024-12-11T15:50:37
Ancient Wolf Lager,WHEAT,285519083749,116,5.84,2023-08-11T22:31:21,2024-04-08T21:52:05
Crispy Dragon Ale,SOUR,348866689426,216,21.6,2020-02-29T11:21:42,2023-04-30T15:41:10
Crispy Tiger Lager,WHEAT,484461986451,188,23.85,2024-03-28T20:47:57,2024-06-09T23:17:33
Malty Raven Bock,SOUR,281852251492,500,16.16,2024-01-19T10:09:05,2024-11-16T17:05:32
Frosty Eagle Bock,WHEAT,151049176820,332,16.2,2024-10-25T01:27:10,2024-12-30T01:58:55
Frosty Tiger Wheat,WHEAT,407528175959,203,16.44,2024-01-27T19:07:11,2024-09-10T18:55:07
Dark Valley Ale,GOSE,866637131752,201,8.69,2020-08-28T11:59:54,2021-03-20T04:19:19
Rustic Dragon Sour,LAGER,824595964290,267,21.5,2022-01-10T18:07:12,2024-10-31T13:29:13
Golden River Gose,PILSNER,713964840037,198,21.42,2023-12-30T17:20:10,2024-04-10T21:32:37
Cloudy Raven Pilsner,GOSE,329859683282,186,7.61,2023-06-18T22:20:53,2023-09-26T17:24:49
Amber Dragon Lager,PALE_ALE,033480629616,467,7.79,2020-03-07T04:37:19,2021-07-28T19:17:08
Roasted Valley Wheat,WHEAT,232015974209,75,15.81,2022-08-11T19:01:47,2022-09-07T21:53:07
Golden River Wheat,STOUT,873882906594,443,8.94,2023-10-16T12:07:32,2023-11-23T21:29:16
Cloudy Wolf Ale,LAGER,312028200278,141,8.31,2023-03-17T19:20:05,2024-05-21T21:10:02
Wild Tiger Lager,LAGER,852685767706,364,20.92,2020-05-23T06:10:05,2023-04-28T09:58:28
Bright Storm Wheat,PILSNER,056411590852,120,9.4,2022-05-14T16:00:48,2024-10-24T01:37:56
Hazy Bluff Stout,WHEAT,835203010562,389,18.38,2024-07-29T08:23:30,2024-12-27T16:06:40
Bitter Tiger Sour,LAGER,359801304812,465,14.64,2022-12-26T16:43:19,2024-08-19T00:10:47
Ancient Mountain Porter,STOUT,980584604324,142,14.31,2020-11-27T11:42:42,2020-12-22T22:37:29
Dark River Ale,PALE_ALE,594391963413,187,6.32,2022-12-11T21:54:52,2024-09-01T04:37:27
Golden Peak Sour,PORTER,414290193771,223,22.33,2023-08-17T21:17:53,2024-10-24T02:44:13
Bitter Creek Bock,PILSNER,019451097329,141,8.26,2022-11-16T17:55:57,2024-07-04T03:38:16
Sweet Ridge Gose,PORTER,622285832124,276,14.19,2023-09-29T02:08:17,2024-12-26T21:02:40
Golden Eagle Ale,WHEAT,122251201861,148,12.75,2020-12-12T11:57:03,2023-07-10T18:02:33
Golden Storm IPA,PORTER,324145960141,52,10.75,2021-05-09T07:23:46,2022-05-16T23:09:08
Crispy Bear Bock,WHEAT,896196628037,357,11.33,2021-06-17T10:13:44,2022-02-04T00:08:25
Ancient Coast Wheat,ALE,017245967953,118,8.16,2021-04-07T05:25:09,2021-09-07T07:01:58
Cloudy Raven Lager,LAGER,283042726478,292,19.67,2022-11-17T01:48:16,2024-09-25T04:00:52
Bitter Tiger Stout,LAGER,110349993571,437,17.23,2020-09-04T13:06:46,2021-09-30T03:11:11
Wild Storm Gose,PALE_ALE,417397900607,74,22.0,2020-07-19T18:44:54,2020-08-27T22:23:37
Wild Eagle Wheat,ALE,044228240733,83,5.3,2020-05-30T22:42:33,2021-06-06T17:31:45
Sweet Lion Ale,IPA,333480219530,395,11.47,2023-03-07T13:12:49,2023-10-20T15:31:23
Imperial Ridge Ale,GOSE,725020170067,231,11.19,2022-04-13T22:06:05,2024-07-29T08:31:28
Bitter Creek Sour,STOUT,100115290320,191,14.92,2020-06-30T06:24:13,2021-06-03T18:30:50
Crispy Bluff IPA,ALE,358857379999,69,15.37,2022-11-03T10:25:10,2023-10-31T18:14:33
Amber River Stout,ALE,417924529759,184,12.53,2020-10-17T12:29:34,2020-12-15T12:50:37
Cloudy Eagle Sour,SOUR,325291327836,232,20.21,2020-02-08T18:06:05,2022-03-31T12:27:27
Frosty Peak Sour,IPA,973888494558,242,15.45,2020-09-07T21:12:04,2021-09-15T08:29:06
Smooth Valley IPA,WHEAT,205765171634,256,16.7,2024-03-12T12:10:20,2024-11-21T09:52:00
Smooth Raven Porter,STOUT,205130902236,160,15.64,2023-09-03T04:19:52,2024-07-27T14:38:22
Smooth Peak Gose,GOSE,417629701765,199,14.83,2023-01-31T18:49:02,2023-04-20T00:12:11
Sweet Eagle Stout,ALE,142592549484,163,3.01,2020-05-26T03:52:01,2020-11-21T00:36:54
Smooth Coast Bock,ALE,904948509011,253,20.45,2021-06-28T15:02:17,2024-05-07T21:55:19
Hoppy Raven Sour,ALE,032516477764,50,7.76,2022-01-31T17:03:39,2023-08-04T05:56:45
Bitter Wolf Porter,PALE_ALE,207829874468,72,3.05,2023-07-11T14:47:00,2023-11-13T02:36:35
Cloudy Ridge Wheat,ALE,550526008223,244,20.74,2020-08-19T14:01:33,2024-12-26T12:11:05
Dark Mountain Stout,WHEAT,390237460997,443,17.71,2024-06-13T03:39:54,2024-08-12T18:37:39
Ancient Mountain Stout,PILSNER,165668770003,62,13.8,2020-10-12T01:15:03,2024-11-30T00:41:31
Ancient Coast Lager,WHEAT,643181254633,359,22.56,2020-10-30T00:04:05,2021-08-14T12:06:55
Smooth Raven Porter,IPA,462982828054,211,4.56,2024-06-05T12:30:12,2024-10-11T21:57:22
Golden Peak Stout,PALE_ALE,342782093104,92,3.0,2020-02-04T11:29:27,2020-10-19T21:37:18
Ancient Valley Lager,STOUT,863282195142,169,21.08,2023-10-05T12:47:22,2024-02-06T18:57:10
Bold Hawk IPA,PALE_ALE,386342907842,460,14.58,2024-03-29T17:40:13,2024-07-06T02:59:41
Bitter Storm Pilsner,IPA,127949574382,317,12.19,2020-10-31T07:55:25,2022-10-10T01:51:17
Smooth Hawk Sour,LAGER,819355028097,427,14.38,2022-04-15T14:26:28,2022-09-08T22:14:07
Bitter Forest Gose,STOUT,394522567740,303,17.04,2021-01-15T07:29:27,2022-08-24T05:53:59
Dark Tiger Ale,PILSNER,504327161935,184,4.06,2024-12-12T02:49:07,2024-12-18T09:48:47
Golden Ridge Lager,ALE,895659185876,58,9.39,2020-07-10T20:11:46,2022-11-29T13:43:50
Bright Storm Stout,SOUR,013668538961,457,23.65,2020-06-24T03:58:56,2023-11-03T07:48:49
Wild River Pilsner,PALE_ALE,844104750945,441,24.5,2022-07-11T00:48:05,2024-08-09T10:24:17
Cloudy Raven Sour,PALE_ALE,926890299824,454,12.72,2021-12-13T13:16:18,2023-01-26T08:19:20
Wild Dragon Lager,SOUR,063919249528,414,7.59,2022-03-15T04:01:26,2023-05-29T10:03:43
Hoppy Bear IPA,PALE_ALE,694585295341,391,14.87,2021-12-01T04:56:27,2022-06-12T21:16:05
Roasted Hawk Stout,PILSNER,579630351958,70,11.29,2021-12-19T02:02:11,2024-05-06T15:06:59
Ancient River Pilsner,PALE_ALE,417526869009,129,10.24,2024-05-07T10:44:51,2024-06-20T21:06:00
Cloudy Eagle Pilsner,WHEAT,156884545428,463,24.37,2023-02-22T16:37:36,2024-03-20T16:20:17
Cloudy Hawk Wheat,IPA,425156440913,113,6.3,2022-11-30T03:27:08,2024-08-08T13:20:38
Wild Dragon Sour,PILSNER,952140809062,150,23.41,2021-02-18T23:44:19,2024-09-15T18:23:52
Cloudy Valley IPA,ALE,952710078332,162,13.06,2024-01-31T05:38:00,2024-09-14T01:27:14
Frosty Wolf Lager,STOUT,371717798193,80,9.53,2023-05-29T03:55:56,2023-12-24T11:19:04
Roasted Dragon Pilsner,STOUT,353737877015,56,21.89,2022-06-06T00:36:04,2022-12-28T09:09:26
Crispy Falcon Wheat,GOSE,878123163590,356,15.13,2024-12-15T13:25:55,2024-12-18T10:52:13
Bold River Porter,GOSE,960936278673,302,16.79,2020-03-27T17:23:32,2024-01-10T07:22:18
Bitter Valley Pilsner,IPA,802462589154,202,5.92,2023-02-27T05:36:59,2023-09-13T20:01:59
Dark Hawk Gose,PILSNER,996460283246,457,9.15,2021-01-16T23:42:16,2022-08-04T13:42:15
Malty River Lager,GOSE,439184836330,239,24.19,2020-08-22T05:41:48,2023-05-30T03:47:59
Frosty Eagle Porter,WHEAT,321952757293,421,13.06,2023-06-13T07:57:30,2024-01-13T10:48:54
Dark Bear Pilsner,WHEAT,123356594767,346,7.99,2020-05-23T13:28:25,2023-05-25T09:14:57
Frosty Dragon Ale,ALE,193516919703,377,3.54,2023-05-03T16:40:28,2024-04-24T03:34:15
Hazy Fox Pilsner,IPA,285641845504,113,6.55,2022-04-16T06:25:06,2024-06-01T23:24:02
Cloudy Forest Stout,WHEAT,581912447966,231,23.91,2022-03-12T04:33:13,2024-09-01T07:32:56
Imperial Mountain Pilsner,SOUR,738054748933,129,18.44,2022-09-08T00:33:39,2024-09-08T20:03:27
Bold Peak Porter,STOUT,289886811933,491,12.99,2021-01-16T01:11:51,2023-02-11T00:11:35
Roasted Valley Stout,LAGER,883719082901,397,12.18,2023-06-24T21:59:34,2023-08-24T07:48:50
Sweet Tiger Wheat,SOUR,843725351399,241,21.97,2024-09-01T22:54:23,2024-10-27T22:31:42
Wild Ridge Gose,GOSE,748592885248,99,8.37,2023-12-03T01:46:53,2024-09-17T21:55:45
Ancient Lion Ale,STOUT,329687495592,220,22.01,2023-08-20T16:18:10,2024-08-28T20:53:50
Hazy Valley Sour,PILSNER,715870816933,425,15.69,2024-04-24T19:15:55,2024-05-01T00:50:32
Golden Raven Bock,PORTER,321445889425,264,20.78,2022-07-18T09:01:36,2023-01-07T21:40:15
Crispy Coast Porter,LAGER,842311173485,24,22.24,2024-02-03T18:42:20,2024-07-04T14:08:40
Hoppy Falcon Porter,PORTER,213865719800,318,11.8,2024-12-05T20:08:58,2024-12-19T10:35:27
Malty Valley Lager,WHEAT,675077570648,376,3.8,2020-10-18T21:51:23,2024-12-21T12:32:03
Amber Dragon Sour,LAGER,049160280213,56,7.76,2022-11-10T21:22:19,2023-11-13T22:19:42
Ancient Bluff IPA,WHEAT,747599991550,372,22.32,2023-02-28T12:56:08,2024-05-30T07:13:06
Cloudy Forest Wheat,PALE_ALE,710005299207,467,22.48,2021-07-16T23:08:36,2024-05-04T10:19:30
Session Eagle Lager,PORTER,313010256742,458,16.84,2023-11-02T04:00:17,2023-11-19T23:46:41
Wild Peak Porter,SOUR,263267810706,313,20.57,2020-05-30T23:59:04,2024-07-28T20:32:50
Bold Bear Ale,ALE,623627008995,91,23.61,2024-02-14T06:10:47,2024-04-20T00:24:19
Rustic Valley Lager,SOUR,977558146278,173,15.09,2023-02-26T21:32:06,2023-05-22T05:16:34
Smooth Coast Bock,PORTER,255580662006,445,15.43,2021-03-31T01:29:35,2021-09-13T01:05:26
Session Fox Sour,STOUT,809019745538,323,12.01,2020-05-05T01:06:35,2024-09-29T06:09:57
Crispy Coast Bock,PORTER,634897273928,125,12.88,2022-01-23T03:35:53,2023-01-18T14:49:32
Dark Tiger Ale,GOSE,351729887581,171,17.14,2024-09-22T23:11:00,2024-11-12T21:58:53
Dark Hawk Porter,GOSE,294904109723,261,17.25,2023-03-20T12:48:38,2023-06-06T01:59:41
Golden Coast Wheat,PALE_ALE,865659123276,210,23.24,2020-08-15T16:24:06,2024-03-12T08:32:26
Ancient Bluff Lager,GOSE,324361604406,87,8.37,2022-01-28T05:54:44,2023-06-15T11:41:23
Sweet Fox Porter,PILSNER,052970972519,138,23.93,2020-07-25T10:40:48,2022-12-03T23:54:29
Ancient Coast Sour,LAGER,948065677385,184,22.54,2021-01-17T07:36:40,2024-01-29T07:25:57
Bright Eagle Wheat,SOUR,476506501542,60,24.98,2023-12-03T23:08:21,2024-09-06T05:10:11
Bitter Raven Ale,PORTER,725882569924,200,19.93,2021-12-15T08:58:37,2022-05-18T17:31:56
Golden Valley Bock,LAGER,918850037543,174,8.04,2024-11-07T15:29:07,2024-11-11T00:32:53
Amber Lion Sour,IPA,936252229266,475,18.62,2023-05-01T10:23:53,2024-04-07T13:57:16
Session Valley Pilsner,PORTER,138985950556,24,19.78,2021-08-13T03:20:04,2022-10-11T12:44:58
Ancient Raven Ale,PALE_ALE,609328837719,267,10.92,2022-12-18T16:40:41,2024-11-09T06:49:00
Dark Ridge Bock,PALE_ALE,944839959102,293,15.11,2021-08-17T18:56:11,2023-09-09T21:57:05
Malty Forest Pilsner,GOSE,875870578917,94,23.67,2022-05-16T12:38:15,2022-06-08T04:03:29
Rustic Wolf Lager,STOUT,003097933458,424,23.78,2024-05-26T01:26:16,2024-09-25T09:04:46
Amber Coast Wheat,PALE_ALE,400657383690,432,15.22,2023-09-26T06:34:47,2024-12-20T23:40:58
Bold Dragon Lager,IPA,986861826884,306,4.18,2021-07-24T12:48:46,2021-12-19T17:52:57
Roasted Coast Stout,ALE,942395417685,220,22.08,2024-06-29T19:08:47,2024-08-05T20:08:59
Session Tiger Lager,LAGER,248333891314,190,24.44,2023-02-03T09:50:54,2024-03-30T05:10:26
Cloudy Falcon Lager,PILSNER,330734325025,212,22.27,2020-11-03T19:57:15,2023-07-24T17:54:24
Roasted Lion Lager,ALE,122090152733,169,3.49,2024-09-01T00:48:09,2024-10-30T00:42:46
Amber Eagle Sour,GOSE,530089588812,290,7.19,2023-07-04T04:19:55,2023-11-27T16:16:46
Session Valley Pilsner,WHEAT,097534240482,156,15.69,2022-04-05T13:58:55,2022-08-26T21:30:38
Roasted Lion IPA,LAGER,862335306418,440,10.41,2024-09-05T14:21:44,2024-09-22T06:07:41
Roasted Storm Stout,SOUR,434659517889,339,21.37,2022-12-26T03:48:46,2024-05-17T07:46:10
Smooth Hawk Porter,LAGER,562884193725,164,23.39,2020-12-21T02:54:17,2020-12-29T03:23:14
Roasted Dragon Porter,PALE_ALE,455363997142,202,21.27,2024-09-21T05:37:06,2024-09-23T13:00:32
Crispy Coast Porter,LAGER,432926526883,62,13.48,2021-09-03T02:08:25,2024-07-09T16:45:34
Sweet Raven Ale,LAGER,556520590536,214,21.78,2022-11-23T15:55:19,2023-04-21T01:41:35
Hazy Forest Gose,LAGER,986722230658,494,24.61,2021-05-01T00:29:51,2022-06-21T02:01:01
Smooth Ridge Porter,STOUT,711407347364,391,24.2,2021-02-10T09:57:13,2023-04-12T22:16:58
Frosty River Ale,GOSE,164138482413,150,7.15,2021-12-14T01:16:10,2022-12-12T15:18:14
Dark Mountain Porter,LAGER,803761786636,26,20.09,2021-11-15T14:21:56,2024-09-16T07:04:50
Imperial Coast Sour,PILSNER,640825600807,374,23.07,2021-08-04T18:48:40,2024-05-24T05:45:23
Cloudy Falcon Sour,PILSNER,303070646004,192,4.68,2020-04-25T19:38:46,2020-06-01T12:07:08
Ancient Raven Gose,ALE,730191072816,397,23.44,2020-08-16T01:58:23,2021-03-10T00:36:58
Hazy Creek Gose,STOUT,471494288684,217,6.13,2020-10-18T15:50:33,2022-07-19T14:19:35
Malty Creek Lager,STOUT,291477282874,391,17.86,2022-03-26T09:37:11,2024-03-09T02:23:08
Hoppy Fox Lager,SOUR,907608118419,12,13.3,2024-02-13T12:42:22,2024-03-29T14:49:13
Ancient Ridge Gose,STOUT,686387373789,296,7.21,2024-06-28T21:36:21,2024-09-10T00:36:49
Wild River Wheat,LAGER,783846967591,30,18.11,2020-06-16T13:30:40,2021-07-07T08:11:29
Rustic Falcon Ale,PORTER,954475566244,77,15.69,2024-05-03T08:42:44,2024-10-10T00:40:49
Hoppy Tiger IPA,STOUT,860112748757,401,21.2,2020-01-13T04:08:53,2023-11-29T15:14:58
Dark Valley Ale,ALE,560982219941,266,18.9,2021-12-04T01:13:58,2022-11-19T03:36:49
Sweet Tiger IPA,PORTER,141881532414,450,24.21,2020-08-18T19:50:04,2022-06-07T20:45:27
Cloudy Peak Bock,WHEAT,544838142151,433,12.06,2022-01-20T05:31:49,2023-06-30T19:46:56
Dark Dragon Wheat,PALE_ALE,182654621446,148,15.82,2024-02-07T19:30:51,2024-06-19T00:58:27
Crispy Eagle Gose,IPA,099640776820,499,6.29,2020-05-18T09:21:31,2024-12-14T22:16:25
Rustic Dragon Wheat,ALE,591105243776,189,7.68,2023-04-12T04:47:52,2024-07-28T13:25:45
Cloudy Coast Bock,IPA,911122775482,186,10.14,2020-07-07T20:08:41,2024-05-10T13:48:55
Hoppy Mountain Ale,GOSE,677782753431,375,9.86,2024-03-12T19:41:21,2024-07-25T02:39:56
Ancient Wolf Stout,STOUT,285324475987,57,11.8,2022-06-16T05:54:28,2024-12-04T02:34:25
Crispy Tiger Bock,LAGER,340613573812,35,12.89,2021-06-09T10:03:18,2023-05-06T08:45:32
Golden Tiger Ale,IPA,204681265883,317,3.9,2020-08-07T12:22:32,2023-02-15T11:57:52
Bold Mountain Stout,WHEAT,343971007147,185,20.18,2022-10-04T02:32:40,2024-04-29T10:58:48
Wild Dragon Gose,IPA,457177855699,135,4.7,2021-06-06T22:31:53,2022-11-24T04:54:00
Bitter Falcon Bock,WHEAT,579102681108,259,4.7,2022-06-25T19:01:01,2022-11-04T07:34:47
Hoppy Forest Gose,WHEAT,289711150489,26,19.61,2024-11-18T11:15:49,2024-11-27T03:14:21
Sweet Dragon Pilsner,PALE_ALE,653115911995,262,10.95,2024-03-03T17:40:58,2024-12-07T17:52:37
Frosty Storm Pilsner,IPA,718404477815,78,20.03,2023-01-18T06:22:32,2023-08-26T07:57:19
Hoppy Coast Lager,IPA,533887366118,310,20.47,2022-01-27T14:41:17,2023-11-25T10:00:30
Smooth Lion Wheat,PILSNER,531486436917,392,13.79,2020-01-27T08:00:24,2024-05-03T00:23:35
Sweet Storm Stout,SOUR,018707421614,409,19.29,2020-03-18T11:00:35,2022-07-13T08:56:26
Rustic Hawk Wheat,PORTER,379316759105,85,19.44,2024-02-16T05:44:55,2024-04-03T16:37:49
Crispy Wolf IPA,WHEAT,906690984587,380,23.46,2022-12-18T04:48:59,2024-03-29T07:12:16
Session Ridge Pilsner,PORTER,532527499519,301,23.6,2024-01-11T17:07:56,2024-07-01T14:21:44
Malty River Porter,LAGER,675893992803,467,12.01,2021-08-13T06:05:27,2024-06-20T21:11:58
Frosty Bluff Pilsner,STOUT,637715920533,60,13.08,2020-08-15T01:47:00,2021-05-10T17:47:31
Malty Lion Stout,ALE,563580644731,466,23.46,2024-04-14T08:22:23,2024-07-10T16:55:21
Malty Hawk Pilsner,WHEAT,155538746391,201,20.31,2024-01-15T07:53:31,2024-02-24T17:20:03
Roasted Fox Sour,PORTER,229702658078,174,12.71,2023-10-09T06:19:51,2024-11-25T07:49:57
Sweet River IPA,PILSNER,997507830886,429,17.05,2023-05-13T22:12:15,2024-02-17T16:50:18
Golden Dragon Ale,SOUR,614167951444,275,18.83,2020-09-16T14:23:17,2024-03-29T00:21:33
Bitter Falcon Porter,LAGER,154133586963,362,15.32,2024-09-04T10:36:46,2024-10-12T17:52:28
Smooth Tiger Ale,WHEAT,128404610980,255,23.45,2022-09-09T07:47:39,2022-10-05T14:53:17
Session Lion Bock,WHEAT,547916704606,480,15.96,2023-04-06T03:36:16,2023-07-29T10:53:52
Hoppy Raven Wheat,ALE,456105997882,170,16.77,2024-06-20T09:11:53,2024-12-04T08:20:08
Session Lion Porter,SOUR,997357462248,8,11.43,2020-10-18T01:09:53,2021-04-08T16:13:51
Hazy Wolf IPA,ALE,860164076156,58,15.35,2024-01-08T00:33:01,2024-02-22T09:12:27
Golden Storm Gose,ALE,043115718225,327,19.74,2022-10-23T18:14:00,2023-12-14T00:09:37
Ancient Storm Lager,ALE,946789455378,337,24.62,2021-01-24T09:35:01,2024-03-18T17:26:14
Sweet Raven Pilsner,LAGER,707012370553,353,10.18,2021-12-13T21:09:32,2023-09-05T06:20:14
Dark Creek Ale,IPA,837776515327,46,15.68,2020-07-14T18:52:55,2024-04-06T19:08:24
Smooth Storm Ale,PALE_ALE,060129507413,323,24.26,2023-10-07T07:27:24,2024-04-11T23:33:09
Amber Bear Porter,PORTER,227896006512,216,12.41,2022-10-02T10:57:02,2024-11-22T05:46:11
Bright Fox Sour,ALE,982616383743,238,4.33,2024-08-11T10:13:19,2024-10-16T12:54:15
Session Coast Stout,PALE_ALE,160512220024,450,17.66,2024-05-03T20:12:47,2024-05-04T10:30:29
Bitter Peak Porter,PILSNER,647214279214,282,13.14,2022-11-29T06:29:21,2024-11-24T21:21:41
Wild Tiger Wheat,PILSNER,486754809535,306,8.82,2022-11-19T19:32:06,2023-04-11T17:07:00
Bright Bear Sour,IPA,866061583229,220,15.51,2024-10-18T02:35:32,2024-11-19T06:08:09
Bold River Wheat,SOUR,762860332851,42,3.63,2022-07-12T01:00:41,2024-12-15T12:41:34
Ancient Creek Pilsner,PILSNER,352653165273,278,13.14,2023-09-25T04:20:41,2024-09-29T03:09:10
Cloudy Wolf Pilsner,PALE_ALE,481491871826,463,21.64,2020-11-22T09:20:12,2023-08-01T06:51:15
Sweet Peak Pilsner,WHEAT,578799679958,481,8.46,2024-09-15T08:11:21,2024-09-19T14:33:33
Bitter Dragon Wheat,LAGER,768354223738,165,23.79,2022-09-30T18:56:32,2022-10-26T19:49:17
Bright Valley Bock,WHEAT,751547833374,313,19.96,2021-07-24T08:08:09,2024-08-06T14:37:05
Bitter Fox Wheat,PORTER,679287317058,387,22.6,2024-05-02T07:05:47,2024-10-28T18:46:16
Session Lion Porter,PORTER,249268159998,114,11.34,2023-03-05T07:09:29,2024-07-03T08:45:42
Smooth Creek Stout,SOUR,942510690622,318,22.02,2022-11-17T16:53:38,2024-08-25T19:17:30
Hazy Peak Ale,SOUR,450784205656,248,18.65,2022-01-22T19:27:10,2022-08-22T08:02:26
Bitter Bear Gose,PILSNER,854611692999,179,19.0,2021-12-28T10:42:57,2023-03-05T18:41:47
Roasted Wolf Wheat,LAGER,629902940632,5,12.26,2023-12-28T06:52:29,2024-07-13T18:12:32
Amber Peak Lager,WHEAT,837095690751,309,14.06,2023-05-11T10:22:00,2023-07-03T14:39:08
Malty Creek Porter,ALE,439793351630,440,18.79,2024-01-21T23:18:23,2024-12-07T18:39:12
Bright Bluff Ale,GOSE,981710512571,224,15.9,2022-06-19T03:53:18,2023-04-28T16:41:37
Hoppy Mountain Ale,PORTER,651536983130,158,21.64,2024-07-30T13:36:02,2024-12-02T02:21:29
Ancient Fox IPA,WHEAT,043291729422,431,19.02,2022-12-03T01:21:33,2023-03-07T01:18:25
Imperial Tiger Wheat,STOUT,436550163835,40,16.25,2021-03-02T14:25:29,2021-10-06T11:52:31
Rustic Peak Stout,PORTER,623390203555,458,13.52,2024-12-15T20:29:16,2024-12-16T18:12:27
Session Dragon Ale,WHEAT,542463175019,36,4.09,2021-03-10T09:07:04,2022-06-03T03:50:28
Ancient Falcon Ale,PORTER,341788361187,402,19.9,2020-03-21T04:51:29,2022-09-07T07:57:28
Smooth Fox IPA,ALE,743427022993,102,24.84,2022-11-30T06:32:07,2023-09-15T14:48:29
Golden Tiger Bock,GOSE,224016892210,206,7.21,2024-08-13T10:19:43,2024-08-27T16:05:30
Dark Valley Ale,GOSE,376936315488,142,12.12,2023-02-08T07:12:29,2024-08-03T20:25:27
Rustic Coast IPA,WHEAT,659723804967,258,15.15,2024-06-26T15:56:43,2024-12-27T13:45:34
Bitter Creek Bock,IPA,914559228243,24,14.19,2021-12-21T06:06:20,2022-10-30T22:22:51
Wild Bluff Lager,PALE_ALE,515444212539,263,17.56,2024-10-08T23:40:14,2024-11-17T03:45:13
Ancient Tiger Porter,PILSNER,323492880762,70,10.62,2023-02-22T16:51:31,2023-06-28T20:37:16
Golden Storm Gose,PILSNER,998593625478,265,15.24,2023-05-18T01:08:06,2024-01-20T02:30:05
Session Forest Sour,GOSE,182411659983,99,22.05,2023-03-13T15:11:51,2023-07-31T01:52:48
Cloudy Bluff IPA,PALE_ALE,353847577330,32,8.48,2024-08-10T21:11:20,2024-10-17T21:46:55
Wild Dragon IPA,IPA,903736737176,21,5.71,2020-06-13T06:51:53,2022-03-23T19:43:32
Hazy Bear Pilsner,ALE,676308464600,246,3.01,2023-06-24T12:28:15,2024-09-10T15:38:47
Bright Creek Bock,SOUR,082822115292,380,20.73,2024-02-22T18:20:40,2024-04-24T02:19:03
Hoppy Valley Gose,IPA,080883557098,443,16.09,2022-09-22T06:30:32,2024-07-04T13:26:23
Hoppy Bluff Ale,IPA,397473761688,106,13.16,2022-10-18T10:24:00,2024-07-16T15:38:42
Dark Mountain Wheat,GOSE,055166238523,43,5.33,2022-12-19T20:46:36,2024-08-31T12:42:43
Amber Wolf Bock,GOSE,228559097027,349,4.03,2021-06-09T11:15:08,2023-03-13T19:41:36
Hazy River Gose,PALE_ALE,689785219067,475,21.91,2022-07-26T16:20:00,2024-08-27T12:36:06
Dark Coast Sour,SOUR,181508542759,307,15.14,2022-09-24T10:39:53,2023-07-10T02:50:59
Hazy Coast Lager,PILSNER,814491027674,476,14.12,2023-01-13T02:43:53,2024-06-10T03:35:54
Cloudy Ridge Ale,LAGER,899050665553,340,21.87,2021-06-06T06:39:19,2023-10-15T05:03:25
Hoppy Creek IPA,STOUT,208604306551,447,23.4,2021-11-03T10:14:56,2022-09-09T12:26:27
Crispy Creek Bock,IPA,277537666440,381,19.62,2021-12-23T19:59:39,2022-08-30T14:58:28
Session Dragon Sour,STOUT,079835680899,230,19.57,2022-03-29T19:28:42,2022-04-21T16:25:37
Session Raven Lager,PORTER,755159195031,484,16.73,2022-09-23T23:19:39,2023-06-29T02:35:23
Hoppy Bluff Lager,STOUT,312427970715,466,10.69,2023-10-25T08:01:27,2023-10-25T10:44:07
Imperial Wolf IPA,STOUT,854094722240,411,14.91,2022-11-26T20:38:39,2023-04-11T03:31:52
Golden Valley Bock,PORTER,532474455436,391,8.19,2024-10-27T20:47:56,2024-11-17T12:58:18
Hazy Creek Stout,PILSNER,057555130159,54,24.37,2021-04-16T19:52:22,2022-10-07T20:46:31
Crispy Creek Wheat,PILSNER,097302258058,101,10.8,2022-06-02T04:49:05,2024-01-15T06:56:13
Session Falcon Pilsner,WHEAT,377099022672,245,23.08,2022-06-01T07:24:15,2024-11-05T22:42:29
Bold Dragon Lager,LAGER,257229080846,184,12.4,2024-10-11T12:16:09,2024-12-14T01:04:56
Hazy Storm Ale,PALE_ALE,377740324062,230,8.13,2020-10-31T15:01:30,2022-07-16T05:26:18
Hazy Falcon Bock,STOUT,014374987864,160,13.12,2023-05-06T15:36:13,2023-12-15T13:49:57
Roasted Dragon Sour,STOUT,524090542964,402,6.74,2023-09-27T14:00:31,2024-06-14T16:01:58
Malty Valley Gose,STOUT,476892952483,249,18.74,2020-07-19T13:24:25,2023-01-22T09:29:13
Imperial Hawk Lager,SOUR,329434051049,366,13.33,2020-10-28T10:23:49,2024-05-28T19:12:37
Smooth Raven Pilsner,GOSE,273360063531,185,14.05,2020-02-01T21:17:36,2024-11-29T15:01:54
Smooth Fox Bock,GOSE,389289574836,3,23.49,2021-08-09T17:30:05,2022-04-04T03:22:26
Roasted Lion IPA,PALE_ALE,384883361258,388,3.47,2020-11-23T12:02:41,2023-09-09T00:09:57
Roasted Hawk IPA,IPA,163811383371,254,11.2,2022-11-09T14:56:23,2024-08-15T01:12:43
Sweet Ridge IPA,STOUT,076945527979,52,8.28,2021-08-03T16:35:01,2021-10-02T22:01:51
Bitter Fox Ale,PILSNER,053467044299,326,24.75,2024-09-01T15:12:03,2024-10-10T12:32:20
Rustic Bear Stout,ALE,518437771589,360,3.0,2023-11-24T17:52:01,2024-07-24T05:42:08
Imperial Eagle Wheat,PORTER,753110137250,143,17.06,2024-05-15T21:46:25,2024-09-11T23:35:12
Ancient Mountain Wheat,LAGER,874374063148,90,19.21,2021-01-02T19:05:05,2022-11-24T22:52:04
Dark Peak Gose,STOUT,098699408035,480,4.42,2020-04-01T20:06:32,2024-03-17T11:48:23
Rustic Valley IPA,SOUR,595238480847,36,6.45,2022-09-15T18:54:49,2024-11-10T14:44:55
Amber Eagle Lager,LAGER,074436549867,473,24.59,2022-01-08T03:43:36,2024-09-25T22:45:24
Rustic Bear Porter,SOUR,551301375054,122,23.93,2022-10-24T03:07:43,2024-03-09T16:19:16
Session Tiger Sour,PORTER,073745233679,112,24.75,2022-08-15T13:29:54,2024-03-18T04:19:17
Cloudy Tiger Ale,WHEAT,682561087170,499,18.56,2022-08-23T12:58:20,2024-09-04T14:01:09
Imperial Falcon Porter,PORTER,816577692511,200,22.88,2023-03-04T16:27:49,2023-03-16T00:01:15
Smooth Mountain Ale,STOUT,674644985229,333,5.75,2022-03-11T04:25:04,2024-09-07T16:56:30
Session Bluff Sour,PALE_ALE,756777593406,457,18.49,2021-04-27T23:29:04,2022-04-05T12:20:04
Bitter Bear Lager,GOSE,031881092957,225,3.79,2022-11-06T23:06:24,2023-02-21T04:10:21
Session Bear Ale,GOSE,659565449588,458,17.53,2023-01-12T08:36:41,2024-10-01T11:20:45
Dark Falcon Stout,GOSE,490571655344,129,15.75,2022-08-29T20:01:53,2023-02-18T00:54:08
Session Tiger Bock,LAGER,545188099245,467,14.26,2022-03-24T07:34:55,2022-06-19T22:03:39
Crispy Wolf Ale,WHEAT,014282005119,287,3.47,2021-03-24T07:12:39,2022-06-23T19:44:05
Cloudy Falcon Ale,GOSE,692767228739,466,8.2,2020-04-28T11:34:16,2024-06-17T22:48:54
Crispy Wolf Stout,IPA,699042206660,279,21.06,2021-04-27T22:59:51,2022-09-22T01:35:40
Hoppy Dragon Wheat,ALE,058341584076,273,20.46,2021-06-24T04:40:27,2023-06-21T03:59:13
Crispy Storm Sour,GOSE,662868826141,218,19.31,2020-12-21T01:20:18,2022-10-04T06:26:26
Cloudy Forest Stout,PILSNER,557049302572,321,13.75,2023-05-07T04:45:43,2024-04-26T15:06:01
Cloudy Ridge Pilsner,PILSNER,659257596873,121,20.22,2020-11-26T13:58:18,2021-02-19T08:30:44
Cloudy Creek Bock,SOUR,131161420173,232,14.92,2021-05-08T02:55:44,2022-12-03T00:38:47
Amber Hawk IPA,LAGER,788351671356,309,6.99,2021-02-25T04:23:07,2022-09-30T00:32:51
Cloudy Lion Ale,STOUT,836507308998,35,19.74,2023-06-09T02:39:12,2024-03-05T21:21:30
Cloudy Hawk Bock,WHEAT,731518313532,320,13.95,2020-10-14T22:06:36,2024-01-02T10:43:45
Amber Coast Lager,PORTER,290893430009,390,13.91,2023-10-12T14:34:04,2024-08-15T08:31:51
Frosty Eagle Wheat,SOUR,328956706230,483,22.26,2023-08-03T19:27:13,2024-03-24T01:04:03
Bright Dragon Lager,LAGER,450582736016,266,13.46,2021-11-25T09:42:13,2023-04-07T15:48:54
Bitter Dragon Sour,IPA,659111927253,429,10.75,2021-11-24T21:31:44,2024-11-20T17:39:12
Frosty Tiger Lager,WHEAT,412441987223,34,9.11,2021-04-20T15:46:18,2022-04-10T00:07:53
Malty Bear Bock,IPA,752769047210,341,17.39,2024-07-16T15:13:52,2024-10-28T10:44:12
Cloudy Hawk Porter,IPA,811843930175,252,9.96,2020-09-23T04:23:07,2023-01-26T20:55:50
Amber Raven Porter,GOSE,633291309120,263,24.29,2024-10-11T19:14:58,2024-10-19T21:26:47
Malty Bear Stout,PILSNER,301098865354,206,5.01,2024-06-28T19:33:15,2024-07-24T09:04:30
Ancient Coast Pilsner,ALE,986918909824,445,3.28,2024-10-25T10:24:19,2024-11-16T03:30:12
Bitter Lion Gose,SOUR,104789901674,253,20.63,2023-03-25T23:50:47,2024-08-15T04:08:54
Frosty Forest Ale,STOUT,970341211426,451,14.92,2021-04-27T19:18:49,2022-03-25T02:35:41
Golden Valley Bock,LAGER,187418854513,337,24.38,2023-09-29T12:09:08,2023-12-14T16:11:11
Bitter Tiger Pilsner,PALE_ALE,399919798215,290,20.83,2022-08-09T11:47:52,2024-11-29T19:49:40
Session Tiger Lager,WHEAT,150207943056,138,7.65,2020-08-25T13:56:33,2022-09-03T12:10:26
Frosty Storm Ale,ALE,787942054046,488,7.23,2021-08-07T12:23:45,2023-10-20T03:54:28
Smooth River IPA,PALE_ALE,872989319288,480,11.95,2020-05-16T05:58:36,2023-05-06T19:33:28
Hoppy Valley Gose,GOSE,882890621195,71,15.53,2020-10-29T22:39:04,2022-06-25T13:14:06
Hazy River Lager,STOUT,872035229986,481,22.38,2023-09-01T09:14:31,2024-01-05T00:40:13
Crispy Creek Ale,ALE,522140786619,352,14.63,2022-04-12T19:59:50,2023-05-18T21:35:04
Roasted Peak Porter,WHEAT,172542245590,236,14.74,2020-07-07T08:21:08,2024-06-19T20:00:43
Frosty Coast Wheat,IPA,722357461061,449,10.64,2023-03-16T23:19:19,2024-02-16T01:22:23
Rustic Wolf Pilsner,ALE,074134137083,1,9.7,2022-12-05T08:48:09,2024-08-15T10:10:43
Malty Bear Porter,SOUR,197428296056,126,18.47,2021-09-04T11:09:49,2021-10-23T15:41:29
Bitter Forest Gose,LAGER,976415280440,262,5.94,2020-06-12T14:26:51,2022-11-26T20:21:53
Hoppy Raven Wheat,PORTER,451187421851,250,24.91,2024-08-15T13:24:52,2024-11-03T14:30:14
Hazy Storm Stout,PORTER,501915724922,499,16.13,2023-11-18T05:40:24,2024-02-16T22:57:51
Bitter Eagle Pilsner,SOUR,628898112704,0,22.31,2020-08-23T17:30:44,2022-01-17T10:25:31
Bold Creek IPA,PALE_ALE,486910042612,457,11.11,2023-12-19T23:49:02,2024-07-08T01:20:19
Amber Bluff Stout,WHEAT,247015414018,203,17.77,2023-11-27T02:57:16,2024-01-29T02:36:26
Session Coast Wheat,LAGER,534016548513,17,13.76,2020-12-16T20:35:43,2023-12-31T04:16:36
Session Hawk Stout,LAGER,797792396335,357,3.25,2020-10-20T16:31:00,2022-12-05T11:57:48
Imperial Wolf Wheat,PORTER,847589128276,101,15.0,2024-11-30T10:02:45,2024-12-16T07:23:32
Cloudy Ridge IPA,PORTER,937895605832,486,10.27,2024-06-16T20:10:22,2024-08-03T12:50:30
Hazy Creek Lager,GOSE,870026518797,232,16.74,2020-09-06T10:56:11,2021-07-13T01:37:41
Hazy Wolf Porter,IPA,686540539373,256,20.43,2022-11-04T17:15:14,2023-08-21T21:29:21
Bold Tiger Bock,LAGER,263663023928,444,6.73,2022-10-27T14:27:50,2023-10-11T02:11:11
Session Wolf Porter,GOSE,766826911677,401,24.75,2022-10-29T22:39:04,2024-04-09T17:20:55
Sweet Wolf Sour,PALE_ALE,342141414143,317,11.43,2021-02-22T17:57:37,2023-09-23T08:05:28
Smooth Creek Ale,PALE_ALE,849504078152,151,17.32,2024-12-14T05:15:44,2024-12-20T21:16:39
Wild Storm Stout,SOUR,838247505293,162,18.57,2023-08-12T17:56:59,2023-11-26T06:45:25
Ancient Bluff Sour,GOSE,970521144989,310,24.66,2022-04-02T16:22:14,2023-02-16T01:34:15
Crispy Valley Sour,SOUR,134851978469,410,11.76,2021-05-19T03:29:05,2024-07-27T13:45:51
Hoppy Tiger Wheat,IPA,629408160438,444,17.87,2021-05-11T16:05:03,2021-12-06T18:20:45
Bitter Ridge Porter,LAGER,685189860873,78,5.69,2021-11-09T17:27:20,2022-04-11T16:53:53
Bright Coast IPA,ALE,786809067301,7,3.38,2022-03-04T05:19:23,2024-12-10T18:37:07
Frosty Raven Gose,STOUT,981591343735,186,18.33,2021-10-04T03:58:24,2021-11-14T04:51:16
Dark Lion Lager,IPA,342235246154,419,14.25,2020-12-04T07:45:28,2023-03-20T05:15:23
Roasted Forest Gose,IPA,116327660704,381,8.4,2020-08-07T19:59:42,2022-03-25T13:48:12
Bright Fox Pilsner,WHEAT,318654882534,29,21.72,2021-06-08T05:46:49,2023-08-31T01:20:15
Hazy Wolf Wheat,SOUR,882894734218,196,13.62,2024-01-28T17:56:03,2024-07-01T16:43:56
Sweet Forest Ale,PORTER,269905061116,341,15.54,2023-03-20T10:42:48,2024-07-26T02:51:30
Session Bear Bock,ALE,926956326909,224,11.97,2021-12-31T19:05:03,2024-03-17T21:04:12
Roasted Mountain Lager,LAGER,647251841361,445,16.47,2023-11-10T06:42:05,2024-06-26T14:39:41
Smooth Raven IPA,WHEAT,675683652986,61,13.76,2024-06-18T14:44:07,2024-10-25T08:59:10
Bright Raven IPA,PORTER,899833632897,309,14.95,2023-07-04T08:14:17,2024-08-23T07:27:52
Bitter Peak Lager,SOUR,455530971260,143,10.31,2024-06-12T13:52:59,2024-08-27T03:59:11
Malty Coast Lager,PORTER,583174625891,383,9.09,2020-06-18T09:58:40,2024-04-08T12:10:16
Bitter Ridge Stout,WHEAT,540166449020,331,24.47,2024-04-04T15:12:11,2024-08-20T21:40:17
Hazy Dragon Lager,PALE_ALE,649716751305,17,24.49,2020-03-02T23:14:14,2020-04-19T06:41:59
Hazy Peak Bock,WHEAT,413652683766,402,22.74,2024-12-12T13:00:28,2024-12-25T21:16:39
Session Forest Gose,GOSE,043276822429,42,13.53,2020-01-17T06:38:12,2020-01-30T03:37:10
Wild Hawk Gose,PALE_ALE,128733093245,79,4.59,2021-06-27T01:00:57,2022-11-20T00:21:51
Bitter Bluff Gose,PILSNER,818253119876,290,5.99,2021-01-12T17:07:30,2023-01-31T01:04:40
Rustic Ridge Bock,ALE,086367346009,468,6.16,2021-08-09T03:09:29,2023-01-11T20:23:59
Bright Raven Wheat,IPA,489981570115,278,21.13,2020-05-18T16:13:38,2021-12-11T23:20:32
Malty Dragon Sour,PALE_ALE,192590212033,46,6.36,2020-07-27T19:42:27,2023-08-20T21:47:24
Hoppy Storm Lager,GOSE,293544145328,209,11.9,2022-04-10T23:08:08,2023-11-22T06:48:20
Bright Fox Porter,ALE,893795476178,266,13.22,2021-04-17T15:23:06,2022-01-07T16:02:35
Crispy Valley Pilsner,WHEAT,699291358608,418,23.83,2023-09-10T07:46:56,2024-01-05T15:49:29
Frosty Lion Bock,ALE,437258160837,15,24.6,2020-06-28T09:42:25,2024-12-23T09:19:07
Session Falcon IPA,PALE_ALE,262077264373,27,14.0,2023-10-22T15:52:26,2024-11-30T00:18:12
Golden Eagle Ale,LAGER,029435708524,29,4.69,2023-12-19T15:40:38,2024-01-22T13:40:11
Bold Forest Lager,WHEAT,177419565695,325,5.61,2023-09-26T16:03:44,2023-12-22T05:05:09
Bold Eagle Porter,PILSNER,935499276098,437,16.52,2021-05-20T02:46:49,2023-10-29T01:28:24
Bitter Bear Sour,SOUR,069869429159,497,15.05,2021-05-30T14:06:32,2023-09-15T11:11:43
Wild Lion Pilsner,IPA,469060738353,396,3.45,2020-02-26T04:18:05,2021-03-20T12:53:27
Hazy Bear IPA,ALE,320717556352,207,6.09,2022-12-21T03:49:35,2024-03-08T13:50:19
Sweet Falcon Stout,WHEAT,301072751355,365,18.6,2020-05-02T21:44:50,2024-09-14T01:54:01
Malty Storm Bock,PORTER,568266407725,216,13.26,2023-05-12T00:40:54,2024-08-29T07:38:50
Bold Eagle Stout,ALE,350328799794,94,20.19,2022-09-05T07:39:09,2024-02-09T20:16:58
Cloudy Mountain Bock,ALE,012804208136,285,14.92,2021-08-01T20:34:41,2023-11-20T00:04:02
Hoppy Valley Lager,PALE_ALE,169068635323,310,17.56,2020-11-02T02:14:35,2021-10-26T12:42:43
Amber Ridge Porter,LAGER,108595603592,369,16.03,2022-07-22T05:04:51,2024-12-01T15:59:13
Bitter Peak Gose,PORTER,264503060950,492,4.54,2023-10-09T06:50:38,2024-02-28T09:05:22
Bitter Raven IPA,PILSNER,945907867673,159,9.18,2024-01-29T19:07:31,2024-02-11T07:59:12
Bright Fox Ale,LAGER,158113584779,286,16.41,2022-04-26T10:23:16,2023-02-02T08:23:17
Hazy Dragon Lager,SOUR,870044512160,190,3.52,2021-04-20T02:26:34,2024-04-07T14:13:42
Malty River Bock,GOSE,890438276735,218,8.87,2024-11-18T00:37:10,2024-12-29T05:19:22
Session Ridge Lager,SOUR,534413561672,352,8.28,2021-02-06T05:49:16,2024-07-06T21:26:39
Sweet Creek Lager,PILSNER,998530187407,456,11.29,2024-01-29T11:13:44,2024-11-20T13:21:20
Bold Falcon Stout,PORTER,905298238042,428,10.64,2023-05-23T01:18:43,2023-08-26T23:55:05
Cloudy Falcon Pilsner,WHEAT,420852816840,279,7.01,2022-01-19T15:08:48,2023-04-23T07:41:11
Amber Coast Pilsner,ALE,114544977373,65,21.58,2020-10-06T14:07:38,2021-11-29T16:00:07
Frosty Creek Ale,LAGER,267407077761,226,3.3,2020-12-08T22:13:38,2021-06-22T17:16:22
Amber Dragon Bock,SOUR,162007605810,359,16.49,2021-05-20T02:58:35,2024-11-22T09:45:56
Hoppy Wolf Stout,LAGER,579774065443,104,10.79,2020-12-08T10:52:28,2021-05-31T16:41:57
Malty Wolf Lager,PORTER,004335423170,338,13.8,2023-12-29T20:10:14,2024-06-26T14:21:19
Crispy Lion Sour,STOUT,482195486029,287,3.42,2022-12-15T06:41:28,2024-09-11T02:07:28
Bold Bluff Bock,PALE_ALE,437243993533,192,23.42,2020-08-28T07:05:06,2021-05-24T07:59:05
Ancient Coast Lager,PILSNER,625891910187,454,4.88,2023-12-31T16:12:29,2024-11-12T14:33:39
Bitter Bluff Pilsner,PALE_ALE,236164077142,351,22.4,2020-06-28T13:12:02,2024-05-14T01:56:02
Hazy Fox Gose,LAGER,515062364007,434,7.73,2023-01-29T04:34:58,2024-11-07T19:57:58
Smooth River Bock,WHEAT,820482687150,107,10.66,2022-10-19T03:09:15,2024-09-04T22:10:15
Bright Eagle Stout,PALE_ALE,920534950080,263,4.31,2021-08-09T18:53:10,2021-08-11T03:57:33
Rustic Ridge Sour,PILSNER,939668831210,338,4.64,2023-12-02T03:22:59,2024-03-06T17:03:09
Smooth Fox IPA,STOUT,488674164852,51,18.17,2021-08-30T23:47:06,2024-09-02T02:18:43
Malty Hawk Wheat,IPA,548857333597,196,22.86,2022-10-11T17:27:56,2023-04-06T00:56:59
Smooth Ridge Stout,PALE_ALE,028285287517,224,9.79,2020-09-20T00:32:43,2022-08-09T02:47:43
Golden Wolf IPA,PALE_ALE,117944968901,219,12.44,2021-08-25T14:23:00,2023-04-28T15:48:47
Bright Falcon Ale,ALE,410883497270,205,18.69,2024-08-11T21:45:37,2024-11-26T20:51:18
Crispy Dragon Sour,PILSNER,341421050852,138,10.8,2022-10-19T04:56:01,2024-01-05T10:43:41
Bitter Bluff Sour,ALE,881191254553,285,5.82,2024-01-25T23:56:38,2024-07-10T20:03:06
Malty Dragon Porter,STOUT,471684264217,151,7.26,2021-12-13T08:06:28,2023-09-22T15:25:33
Rustic Forest Bock,GOSE,995152920697,448,7.98,2021-06-10T07:11:21,2023-09-06T21:02:17
Frosty Eagle Ale,SOUR,306720734551,9,17.06,2022-10-22T05:01:56,2023-06-28T10:39:52
Dark Bear Porter,LAGER,274302122009,416,24.54,2022-07-08T07:34:15,2024-04-03T23:13:13
Bitter River Lager,LAGER,152103114095,441,16.11,2021-12-01T16:08:43,2024-04-30T07:08:09
Bitter Mountain Porter,PORTER,442010472197,72,11.94,2023-07-08T22:59:54,2024-08-18T07:38:05
Bitter Mountain Gose,GOSE,891277272681,382,15.86,2024-03-10T17:31:32,2024-10-25T10:28:48
Rustic Bluff Gose,IPA,236905429349,204,14.57,2024-03-03T15:25:30,2024-04-28T12:32:07
Dark Peak IPA,GOSE,320192987825,278,15.06,2023-05-11T05:31:31,2023-06-21T14:10:30
Frosty Falcon Lager,IPA,285180657509,79,10.04,2023-11-06T21:19:04,2024-07-25T21:00:43
Frosty Raven Bock,GOSE,894801714112,104,14.21,2022-07-27T21:35:07,2023-10-08T05:57:21
Hoppy Dragon Sour,WHEAT,300731758695,337,16.39,2024-11-25T13:40:56,2024-12-09T23:07:26
Ancient Dragon Wheat,SOUR,757737290954,499,6.46,2021-01-02T23:18:45,2023-10-26T20:12:17
Bold Tiger Pilsner,PILSNER,720057040892,380,11.69,2020-08-22T21:33:33,2024-08-05T07:04:20
Bitter Raven Bock,PORTER,176375793990,203,5.84,2020-05-27T14:38:41,2020-10-04T07:28:33
Session Forest Bock,GOSE,730079807173,229,11.66,2023-10-21T18:06:14,2024-12-25T01:01:51
Dark River Sour,IPA,974330854911,133,10.78,2020-07-01T15:00:37,2022-08-14T11:58:31
Roasted Hawk Gose,PALE_ALE,420920842763,164,18.44,2022-02-04T00:40:38,2023-06-06T19:16:23
Ancient Hawk IPA,LAGER,974119839754,386,24.84,2024-07-09T01:46:21,2024-08-09T12:43:13
Ancient Bear Gose,SOUR,171445334557,367,11.16,2023-12-29T23:02:38,2024-10-28T06:29:54
Dark Peak IPA,PILSNER,581003646078,144,18.05,2024-12-04T18:41:28,2024-12-25T21:40:34
Hazy Peak Porter,STOUT,570027453483,245,24.69,2020-07-11T08:45:51,2024-05-18T03:09:54
Session Eagle Stout,GOSE,458188329237,166,22.44,2023-04-26T16:31:21,2024-10-16T13:13:00
Ancient River Wheat,ALE,536113639693,461,3.15,2023-03-28T08:11:00,2023-04-08T09:50:22
Rustic Bluff Sour,SOUR,380230916597,497,17.44,2022-02-02T13:51:38,2022-07-13T15:07:24
Smooth Peak Wheat,IPA,672776338808,441,11.86,2023-01-03T21:09:24,2023-03-14T12:37:05
Frosty Valley Wheat,ALE,030999041963,3,6.39,2021-11-04T09:35:23,2023-03-10T14:34:06
Bitter River Bock,ALE,285347867743,82,21.38,2024-04-21T19:11:24,2024-11-20T07:24:56
Bright Tiger IPA,PORTER,371638672319,256,16.05,2021-11-02T00:46:28,2024-04-13T04:50:25
Frosty Eagle IPA,GOSE,480856153334,486,18.57,2021-07-27T19:57:27,2023-03-01T01:41:34
Golden Storm Stout,SOUR,155583761204,97,17.98,2023-07-03T00:22:12,2024-02-10T12:24:37
Golden Forest Sour,PILSNER,117159182967,260,16.3,2021-07-12T23:53:40,2022-06-09T03:54:08
Amber Ridge Stout,PILSNER,470750078675,448,16.25,2020-06-10T04:04:48,2021-01-04T20:24:48
Hazy Bluff Porter,STOUT,527371613212,186,22.75,2021-01-13T23:48:04,2024-04-01T04:28:23
Dark Storm Lager,PORTER,214428126249,100,16.93,2021-05-16T16:44:22,2024-02-02T07:06:44
Sweet Raven IPA,PALE_ALE,622894193165,41,12.07,2021-12-03T21:32:50,2024-07-28T09:55:12
Malty Wolf Sour,STOUT,272854234406,291,3.57,2021-02-22T13:08:50,2024-01-10T03:40:16
Hoppy Eagle Bock,PALE_ALE,755156091242,140,7.35,2020-05-17T14:09:36,2022-06-13T17:47:34
Session Raven Ale,LAGER,737976434236,205,4.56,2020-06-02T09:42:18,2022-12-21T14:11:29
Wild Storm Wheat,GOSE,177895510670,0,4.52,2023-06-28T21:56:35,2023-08-29T10:29:48
Roasted Tiger Pilsner,LAGER,339432400504,395,3.48,2020-05-02T07:11:08,2021-12-20T15:25:07
Crispy Lion Stout,WHEAT,916108103516,13,17.93,2022-08-12T11:42:49,2023-10-07T17:47:20
Hoppy Eagle Lager,STOUT,596250616136,9,13.02,2024-02-28T09:09:20,2024-06-09T21:49:14
Bitter Lion Porter,SOUR,349618098193,432,20.0,2022-12-24T08:35:07,2024-07-28T02:42:54
Hazy Forest Bock,PILSNER,936968083563,84,24.46,2023-05-26T02:07:41,2023-12-17T02:59:39
Hazy Dragon Ale,IPA,026960735985,158,9.6,2022-09-02T20:54:08,2024-03-13T17:06:18
Bright Eagle Ale,LAGER,395407092605,320,22.02,2024-09-29T08:00:18,2024-10-08T01:53:43
Bold Creek Porter,SOUR,490489980162,287,4.42,2021-04-12T06:49:17,2022-11-19T22:24:26
Dark Eagle Wheat,ALE,019712064003,371,16.21,2022-10-30T05:57:56,2023-03-12T18:42:44
Amber Dragon Gose,WHEAT,961030652476,342,24.47,2021-08-10T21:34:31,2022-11-04T03:35:24
Rustic Coast Pilsner,SOUR,696590060862,162,12.98,2023-08-13T14:08:40,2024-02-05T04:23:16
Imperial Falcon Gose,SOUR,902305004166,260,8.8,2022-01-29T14:48:30,2023-04-21T18:51:37
Dark Forest Stout,LAGER,962537282430,374,5.71,2023-04-24T12:48:54,2024-12-21T00:45:32
Bright Falcon Porter,PORTER,853507389484,147,21.73,2022-05-26T23:40:57,2024-01-17T13:57:24
Hazy Peak Gose,IPA,710457524746,364,22.34,2021-07-13T16:24:31,2022-06-05T02:36:10
Bold Storm Gose,ALE,190685863377,95,15.17,2020-01-12T08:28:45,2020-11-11T01:47:09
Hazy Storm Wheat,ALE,240944046966,249,17.27,2021-07-01T00:07:17,2022-12-11T15:56:37
Wild Storm Pilsner,PILSNER,922891763887,100,22.76,2022-11-25T07:27:58,2023-04-17T22:10:07
Malty Valley Bock,IPA,812190505932,286,18.87,2024-08-31T06:11:20,2024-09-22T01:41:00
Bitter Bluff Pilsner,PILSNER,940566168863,498,10.94,2023-09-22T18:54:23,2024-05-07T19:02:47
Ancient Creek Stout,PORTER,235956947015,221,8.6,2020-11-25T00:32:53,2023-05-28T20:04:27
Bold Lion Stout,SOUR,678777945752,251,14.0,2023-06-25T10:33:32,2024-01-17T23:19:33
Dark Ridge Lager,LAGER,544310098429,186,4.84,2024-07-01T20:57:34,2024-11-04T04:40:36
Bitter Valley Pilsner,GOSE,617555537602,99,18.58,2024-07-01T08:55:28,2024-11-11T18:33:34
Hoppy Forest Bock,LAGER,848189578721,351,10.63,2023-10-14T15:22:40,2024-12-07T00:03:55
Hazy Tiger Sour,LAGER,620739226553,301,12.18,2023-03-03T03:36:21,2024-04-27T07:56:45
Session Bluff Wheat,GOSE,536868164389,466,7.53,2022-05-16T10:35:40,2024-12-27T16:54:22
Dark Peak Gose,IPA,433128748650,135,14.04,2022-10-15T07:17:33,2023-03-18T01:23:26
Dark Falcon IPA,IPA,932010604717,309,3.22,2024-03-18T18:02:41,2024-09-20T10:26:41
Bold Wolf Lager,PALE_ALE,974227858873,50,18.41,2021-10-15T06:25:52,2022-07-03T22:49:53
Roasted Storm Stout,STOUT,178534731226,312,24.49,2022-06-01T01:45:12,2022-07-20T08:37:39
Wild Mountain Pilsner,IPA,628545654437,83,4.92,2024-09-30T07:33:02,2024-10-15T10:14:44
Crispy Peak IPA,GOSE,625438802634,384,21.2,2023-03-02T14:05:01,2024-04-19T21:52:41
Golden Eagle Bock,SOUR,541649346911,140,15.19,2020-10-20T04:39:07,2022-12-13T04:53:52
Bitter Peak Porter,PILSNER,835535323260,312,7.93,2024-05-19T07:41:52,2024-12-24T15:36:57
Sweet Ridge Porter,STOUT,748486462724,288,14.95,2022-04-02T20:03:22,2024-01-24T02:19:08
Smooth Peak Sour,PALE_ALE,976366423403,111,9.15,2021-08-04T10:24:43,2021-12-31T13:10:40
Bold Tiger Ale,PILSNER,546848445679,484,10.25,2020-01-27T03:47:20,2023-01-01T09:22:06
Bright Storm Ale,PILSNER,187773410133,89,20.5,2020-04-22T11:11:59,2023-01-13T06:54:26
Rustic Creek Porter,PILSNER,649479811694,91,4.16,2020-03-02T11:16:41,2022-04-14T10:49:49
Golden Wolf Sour,ALE,924798491916,192,17.06,2022-10-02T00:05:50,2024-02-26T17:40:30
Bright Fox IPA,SOUR,498021872934,192,8.39,2021-08-13T18:39:34,2024-06-07T11:05:37
Golden Valley Bock,IPA,396213943316,128,15.15,2023-03-05T07:48:05,2024-01-10T03:41:30
Wild Dragon Sour,SOUR,812776949371,345,19.96,2024-03-17T14:54:18,2024-09-02T16:50:06
Bold River Gose,PILSNER,616106281717,221,19.43,2023-09-24T19:43:24,2023-10-30T00:42:39
Ancient Wolf Lager,SOUR,098114349811,341,22.21,2022-04-21T04:07:02,2023-08-24T21:45:26
Frosty Coast Sour,LAGER,390437186643,342,8.37,2023-12-03T03:10:59,2024-05-21T23:35:58
Bold Dragon Bock,PALE_ALE,190626151180,94,21.62,2021-05-05T09:32:13,2023-09-08T23:38:02
Frosty River Bock,IPA,458272564546,444,21.34,2023-01-02T04:27:32,2023-03-11T21:29:59
Crispy Creek Lager,STOUT,136663415590,249,9.3,2024-09-25T03:15:32,2024-11-19T05:22:33
Golden Bluff Sour,PALE_ALE,063384197996,95,5.94,2023-07-15T06:33:41,2024-10-29T02:42:21
Dark Valley Sour,PORTER,875368511027,346,12.99,2021-08-16T15:14:21,2024-01-25T01:23:25
Session River Sour,IPA,928087947389,482,11.92,2024-08-16T04:05:21,2024-11-27T17:32:29
Amber Raven Pilsner,LAGER,273774525083,55,22.53,2023-01-26T19:43:31,2023-08-07T21:18:44
Golden Peak Bock,PILSNER,624737316207,15,24.44,2021-03-12T23:01:20,2021-08-08T09:16:02
Roasted Dragon Lager,GOSE,853981058571,100,17.52,2022-11-02T17:11:54,2024-10-17T20:23:03
Hoppy Peak Sour,PALE_ALE,457338540844,180,15.47,2024-04-07T03:42:55,2024-04-10T06:47:30
Amber Ridge Stout,PORTER,984387186206,35,23.77,2021-10-28T20:35:11,2022-03-12T06:35:34
Amber Creek Wheat,LAGER,921359664868,148,5.36,2021-08-17T16:54:26,2024-03-08T04:53:09
Hoppy Lion Bock,GOSE,700758042969,256,15.49,2020-03-31T06:17:37,2024-07-14T18:34:59
Rustic Tiger Sour,PILSNER,013069060055,484,5.06,2023-12-05T05:58:31,2024-08-06T05:35:33
Frosty Peak IPA,SOUR,493497052742,444,21.32,2020-01-06T10:19:10,2020-06-26T07:56:43
Hoppy Coast Bock,LAGER,482441353188,410,8.83,2021-03-10T13:21:16,2021-09-25T20:50:51
Roasted Tiger IPA,IPA,974632686717,196,6.76,2024-05-23T16:02:35,2024-08-15T21:50:13
Cloudy Tiger Ale,SOUR,102128476147,74,8.84,2020-02-07T02:07:06,2020-02-26T16:09:31
Smooth Coast Wheat,PALE_ALE,857134438916,215,6.92,2022-09-11T12:54:35,2024-08-04T06:10:24
Smooth Bear Wheat,ALE,666168359159,41,22.44,2020-02-20T18:38:12,2022-11-09T17:44:38
Sweet Coast Ale,ALE,146495596570,172,9.6,2024-08-17T21:11:40,2024-10-25T19:11:14
Rustic Raven Sour,IPA,731435924869,446,17.72,2020-04-12T18:00:28,2021-08-25T23:46:38
Malty Raven Lager,IPA,046431995052,60,6.36,2021-07-14T10:52:54,2021-10-15T08:43:56
Hoppy Valley Lager,LAGER,092052583066,36,13.42,2021-07-09T23:09:13,2023-06-30T01:35:06
Bright Tiger Gose,SOUR,970327313419,252,8.56,2023-11-21T00:24:20,2024-10-05T13:24:26
Cloudy Coast Porter,ALE,839348832059,206,21.27,2024-07-30T09:38:37,2024-09-29T12:42:05
Smooth Tiger IPA,WHEAT,040274206282,281,5.74,2024-03-15T21:56:05,2024-08-06T11:30:15
Golden Coast Wheat,PORTER,461789581369,78,14.68,2024-11-30T23:30:10,2024-12-26T10:31:21
Golden River Porter,GOSE,352189919399,358,18.91,2022-11-27T19:15:09,2024-05-10T04:42:01
Rustic Tiger Bock,PILSNER,491418379711,239,16.38,2022-07-11T21:09:44,2023-04-27T06:41:10
Smooth Peak Stout,SOUR,582507678168,27,6.82,2020-01-04T22:12:14,2021-06-08T21:53:49
Bitter Mountain IPA,SOUR,221195480462,405,11.49,2024-01-22T12:30:59,2024-03-07T03:41:14
Bitter Peak Porter,STOUT,782857283178,389,23.18,2020-07-28T16:26:17,2023-08-21T18:36:23
Dark Wolf Lager,STOUT,386289775440,308,17.07,2020-01-11T03:25:09,2023-03-28T05:22:20
Smooth Fox Porter,ALE,065365819743,428,5.43,2023-07-04T11:11:04,2024-07-05T01:21:20
Imperial Raven IPA,PILSNER,735901293708,91,5.13,2022-01-02T00:03:23,2024-07-19T01:13:24
Sweet Valley Sour,LAGER,876291496001,175,12.75,2020-07-07T23:47:43,2023-12-31T23:17:28
Malty Fox Bock,IPA,321792261024,13,12.57,2020-12-19T09:13:54,2024-09-18T19:28:58
Malty Dragon Bock,WHEAT,829630448932,322,8.95,2023-02-01T00:07:07,2023-04-18T02:31:44
Dark Bluff Gose,ALE,855643443664,460,23.67,2021-11-08T01:07:08,2023-12-21T21:22:54
Wild River Lager,GOSE,163503562388,197,5.98,2021-10-26T06:28:40,2022-03-09T19:40:14
Golden Mountain Stout,WHEAT,911528431077,362,15.23,2021-09-14T16:46:31,2023-12-24T03:13:59
Bright Tiger Lager,IPA,818439062384,304,15.63,2024-03-20T09:59:29,2024-06-25T14:42:08
Ancient Ridge Pilsner,LAGER,735835423536,357,8.7,2020-06-10T21:53:54,2023-04-07T05:24:07
Amber Bear Bock,IPA,607040966252,436,14.88,2024-10-17T22:35:37,2024-12-13T12:06:33
Bold Bluff Porter,SOUR,817275439833,265,5.58,2021-07-26T13:26:39,2022-07-11T19:13:38
Frosty Hawk Sour,LAGER,088226262193,361,17.76,2023-11-07T09:20:44,2024-04-14T10:57:03
Golden Peak Stout,PORTER,844674313946,108,20.84,2020-10-05T01:14:59,2023-03-27T06:42:03
Roasted Forest Pilsner,IPA,401934010712,398,19.14,2024-04-19T10:25:00,2024-10-16T04:49:56
Bitter Lion Ale,PORTER,933399044256,300,11.98,2020-10-28T07:27:30,2023-10-19T04:04:16
Roasted Tiger Porter,WHEAT,258353760478,441,4.98,2022-05-22T02:34:03,2023-05-15T20:42:50
Frosty Forest Stout,STOUT,096400584393,94,5.24,2021-11-06T09:21:10,2023-11-13T03:15:50
Sweet Forest Wheat,STOUT,230005598587,110,17.19,2024-09-30T12:40:48,2024-10-31T01:07:01
Session Creek Sour,IPA,547247058140,123,13.12,2023-07-28T22:25:58,2024-06-14T12:59:49
Amber Creek Lager,STOUT,980381749229,471,6.95,2020-05-20T01:00:39,2020-12-27T03:53:38
Roasted Forest Ale,ALE,518704045980,17,12.11,2024-01-20T21:42:30,2024-12-21T19:03:56
Golden River Stout,WHEAT,206374415740,400,24.8,2023-12-20T18:27:24,2024-10-19T15:48:59
Golden Creek IPA,STOUT,483035026453,397,17.95,2023-07-29T16:45:41,2024-08-13T07:43:16
Amber Storm Porter,PALE_ALE,554257482770,224,13.58,2022-02-13T10:45:14,2022-03-03T11:31:26
Bright Bear Bock,ALE,644097614895,120,19.95,2022-06-16T08:02:27,2022-10-18T15:08:25
Smooth Peak Wheat,LAGER,001820392568,336,9.06,2022-11-10T10:28:02,2024-02-18T10:43:05
Frosty Ridge Gose,PALE_ALE,099275282938,131,13.95,2021-01-20T06:38:59,2021-11-06T22:55:20
Rustic Bluff Gose,WHEAT,887734372871,358,24.22,2021-10-10T15:16:46,2024-03-12T10:44:34
Rustic Dragon Sour,SOUR,330680688538,114,3.32,2021-04-06T16:53:04,2022-09-02T00:04:14
Sweet Tiger IPA,PORTER,894847090284,13,14.74,2024-08-17T16:06:36,2024-09-09T01:19:56
Rustic Hawk Pilsner,PORTER,108319943998,117,12.3,2024-10-17T02:17:30,2024-11-01T07:40:37
Dark Coast Ale,STOUT,418624354175,147,23.97,2021-10-26T07:30:33,2024-01-11T14:19:48
Rustic Creek Ale,WHEAT,544984294607,359,17.45,2020-07-28T09:07:04,2024-08-01T03:38:25
Sweet Mountain Ale,PALE_ALE,125478599186,143,13.02,2022-05-24T01:16:38,2023-08-09T14:33:51
Rustic Creek Ale,STOUT,927702467302,100,20.76,2023-12-16T23:01:39,2024-09-09T12:26:20
Smooth Raven Porter,WHEAT,376721538833,253,14.19,2022-04-21T13:08:56,2024-09-27T03:54:40
Malty Lion IPA,GOSE,928675847264,439,24.59,2024-03-30T19:52:27,2024-11-04T03:49:01
Ancient Ridge Stout,SOUR,732110034122,493,19.51,2023-02-06T15:58:52,2024-09-27T11:29:04
Golden Fox Porter,SOUR,950982030265,347,23.85,2020-11-12T23:25:47,2022-10-27T21:17:19
Roasted Ridge Sour,STOUT,667527294711,193,10.31,2022-11-11T17:00:49,2023-10-15T12:55:06
Roasted Wolf Gose,STOUT,634483573348,447,15.82,2020-09-14T09:12:27,2022-03-28T08:03:51
Amber Bear Gose,SOUR,735907121483,39,8.16,2021-06-02T02:58:52,2023-04-16T18:15:01
Frosty Valley Ale,LAGER,442964881530,228,3.36,2023-05-08T05:29:14,2024-04-26T17:49:44
Wild Storm IPA,ALE,303852105168,173,4.18,2024-03-03T02:04:45,2024-10-06T15:15:58
Hazy Coast IPA,PILSNER,196200825575,212,9.42,2020-04-05T11:59:52,2024-04-15T17:53:51
Ancient Peak Porter,IPA,961496970834,327,21.33,2024-11-13T21:42:30,2024-11-24T11:22:06
Hazy Lion Wheat,PORTER,140078360350,163,4.77,2020-11-17T22:15:51,2022-06-03T19:13:57
Roasted Mountain Porter,ALE,643833091083,345,24.49,2023-03-10T23:17:24,2024-06-24T16:06:46
Hoppy Ridge Stout,PORTER,056515394805,236,7.97,2023-02-03T12:18:11,2024-04-14T19:17:53
Amber Dragon Sour,PALE_ALE,506997476673,407,13.42,2022-10-05T22:17:45,2024-09-27T06:41:24
Ancient Lion Lager,STOUT,330945686261,221,22.82,2021-04-27T03:30:28,2023-03-28T11:32:33
Session Forest Wheat,SOUR,215568910918,333,8.81,2024-12-17T20:05:09,2024-12-22T20:46:44
Session Coast IPA,PILSNER,904099335194,306,17.86,2020-01-27T12:26:37,2021-05-21T01:51:27
Bold Raven Porter,ALE,097631504396,146,24.73,2024-02-08T02:17:31,2024-12-26T21:20:16
Bitter Storm Stout,WHEAT,399798980338,213,19.29,2021-06-05T05:19:31,2023-02-03T19:38:46
Ancient Peak Ale,WHEAT,237046544981,323,16.65,2020-11-13T03:15:02,2022-03-26T05:07:34
Bitter Mountain Pilsner,STOUT,765236966585,407,21.96,2020-04-02T17:31:16,2024-02-01T01:56:35
Session Creek Stout,ALE,019142692670,74,14.1,2021-10-01T15:10:12,2023-10-02T21:41:21
Hazy Bear Lager,LAGER,340104555184,368,14.28,2021-02-15T22:44:07,2022-12-20T12:47:44
Imperial Creek Bock,LAGER,029107592819,334,14.68,2024-07-22T16:01:06,2024-09-11T11:25:32
Rustic Storm Stout,PALE_ALE,145692288648,73,21.19,2024-02-23T09:55:03,2024-03-01T11:58:10
Crispy Tiger Bock,PORTER,281695727641,212,24.94,2022-05-05T14:52:51,2023-08-18T09:48:47
Wild Raven IPA,PALE_ALE,328162467407,398,3.43,2020-09-30T23:58:45,2021-12-10T20:57:41
Hoppy River Stout,STOUT,747478187553,498,3.39,2020-02-02T16:20:30,2021-04-14T23:38:59
Roasted Wolf IPA,STOUT,910597306206,190,18.84,2024-10-12T11:31:02,2024-12-21T12:35:29
Hazy Bear Wheat,LAGER,008142210585,367,24.66,2023-10-14T20:30:26,2023-12-20T22:17:13
Hoppy Peak Pilsner,ALE,322301029973,203,23.94,2021-06-16T03:47:50,2023-06-19T10:34:33
Bitter Falcon Sour,STOUT,511125556732,142,14.89,2021-02-03T01:52:59,2022-06-02T05:16:31
Session Bear Lager,PORTER,722260325673,345,24.71,2020-09-04T08:32:07,2024-08-23T16:14:27
Bold Bluff Pilsner,SOUR,972644206900,102,8.39,2022-07-13T07:40:55,2023-03-26T05:44:00
Bright Creek Porter,PALE_ALE,896952754580,24,9.04,2022-06-18T14:47:36,2024-04-28T16:36:49
Golden Mountain Gose,PILSNER,426774032506,24,15.87,2021-11-03T12:01:06,2022-08-30T01:07:17
Bright Creek Pilsner,PORTER,115924212280,437,18.12,2022-05-05T22:12:40,2024-09-06T18:05:36
Bold Coast Wheat,PALE_ALE,863926744309,154,12.06,2021-09-15T12:21:31,2022-11-04T04:31:24
Amber Bear Ale,SOUR,516211824596,403,20.63,2020-03-10T04:47:16,2022-01-29T15:40:10
Imperial Fox Wheat,GOSE,835099349742,55,13.75,2024-10-30T19:17:06,2024-12-18T19:55:01
Cloudy Bluff IPA,STOUT,189072427415,251,24.1,2022-11-26T04:37:13,2022-12-07T16:42:18
Frosty Hawk Pilsner,IPA,938563029343,487,19.58,2022-04-03T12:07:45,2024-02-19T04:51:58
Dark Coast Stout,STOUT,741316921508,272,23.83,2021-11-14T14:09:18,2024-12-08T02:10:15
Wild Raven Gose,SOUR,765486361527,4,10.54,2023-02-06T12:41:19,2024-10-04T12:44:23
Crispy Bear Ale,LAGER,341011876513,376,14.74,2022-08-23T12:52:49,2024-04-28T14:17:32
Smooth Creek IPA,STOUT,013770303176,73,8.95,2022-04-16T11:55:11,2024-06-19T10:08:46
Session Mountain Pilsner,GOSE,027310551208,14,18.98,2023-12-30T21:26:59,2024-08-06T22:22:09
Wild Eagle Stout,WHEAT,763517808543,5,6.67,2022-01-14T12:35:43,2023-04-03T15:53:02
Smooth Wolf Porter,LAGER,419833395792,459,17.5,2020-06-12T20:58:00,2020-07-05T05:37:36
Cloudy Storm Ale,LAGER,544142433127,252,24.3,2022-12-21T13:40:18,2023-02-01T11:17:59
Session Tiger Lager,STOUT,212699972421,486,10.44,2022-04-25T20:03:22,2023-02-15T01:01:14
Session Tiger Sour,GOSE,156711378700,137,24.85,2020-03-09T06:48:13,2024-03-21T05:27:48
Session Tiger Lager,STOUT,278210136353,361,13.21,2022-07-04T00:44:48,2024-09-28T21:11:41
Imperial Fox Pilsner,IPA,796945094059,310,4.43,2020-06-23T23:19:00,2021-03-18T20:52:02
Frosty Valley Ale,ALE,427100295529,243,23.36,2021-03-27T23:43:04,2023-12-13T05:55:16
Malty Wolf Bock,PILSNER,970977360144,228,10.37,2021-06-11T08:39:10,2022-04-22T18:54:31
Imperial Eagle Ale,GOSE,954975030247,87,4.5,2024-05-27T12:43:20,2024-09-08T11:46:40
Session Bear Lager,WHEAT,913121965962,344,8.22,2024-07-13T23:32:31,2024-09-14T06:33:00
Ancient Wolf Bock,PORTER,806619839426,302,16.62,2020-10-05T18:41:02,2021-09-05T14:05:36
Ancient Bear Gose,LAGER,655909853736,148,22.41,2020-10-20T15:11:10,2023-06-15T00:32:39
Amber Lion Ale,GOSE,983917015835,216,12.47,2022-09-05T01:10:20,2022-10-16T08:03:28
Hoppy Mountain Stout,LAGER,133127799796,61,18.46,2023-08-14T01:09:22,2023-08-22T16:00:59
Smooth Eagle Gose,ALE,172996163048,453,10.46,2023-05-13T19:55:41,2024-08-13T22:07:04
Frosty Creek Ale,LAGER,038406158598,54,24.79,2021-01-30T22:36:24,2021-07-15T20:28:48
Hazy Hawk Wheat,IPA,853365063344,62,12.51,2023-01-24T19:58:11,2024-09-11T00:20:17
Dark Ridge Sour,PILSNER,564813177113,4,17.81,2024-06-07T20:24:26,2024-08-31T22:11:10
Cloudy Fox Bock,ALE,079829591077,358,16.25,2022-06-17T21:21:34,2023-08-03T17:41:28
Golden Raven Bock,PALE_ALE,585818625267,94,23.99,2021-12-25T06:14:13,2022-01-20T13:16:44
Ancient Eagle Sour,GOSE,608145571868,231,15.44,2021-12-06T14:51:45,2023-03-13T22:36:22
Crispy Tiger Gose,WHEAT,444483577953,359,4.82,2023-03-05T03:53:51,2024-05-06T02:57:32
Rustic Storm Wheat,PILSNER,358360687466,438,13.0,2021-09-27T02:06:45,2022-11-11T12:53:17
Rustic Eagle Pilsner,STOUT,149799945627,145,4.69,2024-11-16T12:24:01,2024-11-26T21:55:07
Bold Tiger Ale,GOSE,125967088420,160,16.71,2022-01-07T17:43:41,2024-05-23T22:26:01
Roasted Coast Gose,SOUR,737222623807,343,24.85,2020-08-25T18:11:37,2023-05-30T09:17:19
Roasted Lion Pilsner,SOUR,058051100290,438,5.09,2020-08-28T21:54:04,2024-03-31T09:13:47
Bitter Wolf Lager,SOUR,923730665507,25,3.35,2022-06-26T18:17:36,2023-09-04T02:28:36
Session Lion IPA,GOSE,843924246460,266,6.6,2024-07-29T21:29:25,2024-10-06T16:44:39
Frosty Raven Stout,STOUT,332363033192,394,10.86,2022-07-08T14:56:30,2024-12-17T09:32:01
Cloudy Raven IPA,STOUT,108594433601,129,5.93,2023-04-11T09:42:26,2024-11-19T02:20:15
Imperial Valley Wheat,STOUT,866611561287,308,21.43,2022-08-12T04:40:05,2024-04-04T07:41:47
Roasted River Gose,SOUR,330387738328,232,5.71,2023-12-11T13:26:57,2024-09-19T09:14:11
Bitter Lion Gose,PORTER,381038409092,228,18.22,2023-09-01T03:00:16,2024-06-05T17:24:28
Golden Storm IPA,IPA,149506333540,166,6.24,2022-06-22T13:07:08,2022-10-19T10:03:49
Bold Tiger Sour,PORTER,866718774903,255,23.29,2021-05-03T13:26:32,2022-08-10T09:24:19
Cloudy Hawk IPA,PORTER,017569228308,432,14.86,2020-10-05T03:58:37,2022-05-09T01:57:43
Frosty Valley Lager,STOUT,375778138833,294,14.38,2022-03-27T22:40:14,2023-11-09T04:59:32
Sweet Tiger Ale,WHEAT,474480162867,162,19.84,2024-07-27T21:38:04,2024-09-18T15:07:11
Imperial Valley Bock,PALE_ALE,976777297096,367,10.22,2024-10-15T04:32:33,2024-10-26T10:01:06
Hoppy Storm IPA,PORTER,575270587444,239,5.27,2023-09-17T12:05:05,2024-05-17T06:15:05
Bright Forest Stout,PORTER,036755482151,93,17.18,2023-04-15T11:42:23,2024-12-25T05:10:40
Golden Dragon IPA,PALE_ALE,442466127187,254,4.83,2024-11-07T10:58:15,2024-11-08T00:11:04
Malty Eagle IPA,GOSE,389692416833,115,20.44,2022-03-29T00:06:33,2024-08-01T17:16:48
Imperial Raven Ale,GOSE,278898201927,60,5.66,2022-09-24T02:35:05,2023-01-24T14:00:01
Dark Falcon Pilsner,PORTER,226815252577,297,12.77,2020-06-19T11:11:31,2022-03-05T00:17:10
Sweet Eagle Porter,WHEAT,888083041323,407,19.94,2024-08-10T11:04:28,2024-12-14T19:46:03
Imperial Forest Lager,GOSE,580495427141,355,20.68,2022-10-23T21:11:05,2023-07-11T07:59:41
Imperial River Stout,STOUT,088576854223,304,23.21,2022-12-17T19:42:07,2023-01-07T01:52:17
Ancient River IPA,IPA,257861733225,387,8.53,2021-01-16T04:06:46,2023-09-15T00:30:29
Rustic Tiger IPA,ALE,924454671479,85,13.47,2021-09-19T01:17:05,2023-05-10T21:37:58
Sweet Eagle Stout,SOUR,362680389693,262,3.48,2024-08-30T11:45:46,2024-10-03T02:44:34
Hoppy Creek Stout,GOSE,703938096004,182,14.67,2022-05-13T22:04:40,2022-12-27T10:25:02
Bright Peak Bock,IPA,142991010450,202,23.69,2022-05-20T04:32:50,2024-12-07T23:18:49
Smooth Mountain IPA,LAGER,766294176342,281,17.39,2024-03-09T01:12:54,2024-10-02T14:23:15
Smooth Peak IPA,STOUT,510470417760,450,7.12,2021-12-15T20:36:55,2022-02-27T16:25:22
Rustic Dragon Pilsner,PALE_ALE,916837131895,98,13.19,2022-09-03T14:29:34,2024-08-08T13:48:50
Sweet Creek Gose,PORTER,404474337289,62,11.56,2023-06-04T15:33:59,2024-04-03T04:07:13
Hoppy Hawk Porter,WHEAT,876619776552,311,17.39,2020-08-30T12:21:37,2022-08-15T00:46:22
Imperial Raven Lager,LAGER,866247008928,10,18.98,2024-01-04T22:07:48,2024-11-15T23:29:02
Rustic Creek Wheat,PILSNER,892762937179,134,15.31,2024-02-09T16:12:35,2024-06-29T14:39:24
Bold Valley Bock,IPA,050869798431,427,24.64,2022-03-13T07:52:34,2022-11-22T16:55:24
Ancient Forest Porter,PALE_ALE,495109975425,276,23.22,2020-09-06T02:35:02,2023-05-09T16:31:34
Sweet Eagle Lager,WHEAT,514527325243,302,14.56,2022-11-20T11:31:41,2024-08-17T20:43:14
Hoppy Storm IPA,GOSE,176287917431,248,9.37,2024-03-03T09:28:40,2024-03-24T20:27:45
Hoppy Forest Sour,PALE_ALE,792270212521,210,10.57,2021-02-10T13:54:25,2022-10-03T15:23:08
Golden Bear Porter,ALE,189785328601,336,23.29,2023-11-13T01:54:51,2024-06-07T08:48:06
Golden Hawk Stout,PILSNER,792252663922,430,13.15,2021-09-28T23:24:00,2023-11-21T12:18:02
Bitter Eagle IPA,PALE_ALE,874166345686,416,18.08,2021-07-25T08:39:35,2022-07-27T07:13:13
Bold Hawk Lager,IPA,602582136830,359,13.48,2021-11-07T06:55:08,2021-12-06T09:30:56
Bright Dragon Bock,WHEAT,283144993970,50,22.69,2021-09-25T11:45:22,2024-05-18T18:22:17
Amber Raven Wheat,ALE,999313818168,173,12.15,2022-08-16T14:45:20,2024-08-20T20:35:31
Imperial Ridge Gose,GOSE,795018000269,120,3.8,2022-06-01T19:36:25,2024-09-05T00:57:16
Hoppy Tiger Lager,LAGER,675939565741,21,16.47,2020-02-01T12:21:14,2021-04-24T09:14:54
Rustic Tiger Ale,SOUR,837577631629,46,10.99,2022-09-23T09:51:25,2023-09-13T12:04:56
Crispy Eagle Bock,STOUT,167864834169,383,15.96,2021-03-18T08:20:12,2024-08-31T23:14:36
Bitter Peak Ale,PILSNER,566955607080,159,15.01,2021-02-16T21:54:22,2023-02-23T05:49:33
Roasted Lion Wheat,PALE_ALE,984822857613,423,23.99,2023-08-03T19:47:47,2023-08-23T04:52:15
Cloudy Lion Gose,LAGER,846580607941,363,23.41,2020-01-19T00:52:28,2024-04-04T10:24:01
Sweet Fox Stout,ALE,449392055793,470,12.4,2024-07-03T19:58:23,2024-11-24T18:09:47
Sweet Eagle Wheat,PILSNER,616859051457,71,15.63,2022-02-16T22:04:45,2022-03-26T12:52:47
Imperial Coast Bock,SOUR,915280899314,348,4.86,2020-09-30T20:02:11,2023-06-26T00:15:01
Bright Eagle Pilsner,STOUT,323214299469,150,24.69,2021-02-27T02:48:14,2022-01-07T03:45:41
Ancient Falcon Wheat,GOSE,332304730027,259,16.96,2020-02-16T02:35:48,2021-05-27T20:36:03
Session Peak Porter,GOSE,750758031496,366,3.89,2023-04-09T12:07:15,2024-07-08T10:34:36
Ancient Creek Ale,LAGER,452441051919,88,12.41,2020-09-19T03:40:43,2022-05-07T10:38:07
Bitter Mountain Wheat,ALE,464863487781,377,22.07,2021-11-19T13:56:14,2022-01-21T16:44:06
Bright Dragon IPA,GOSE,626627610515,368,17.21,2021-03-18T20:38:22,2022-12-28T09:00:05
Bitter Falcon Gose,WHEAT,132135831618,344,18.31,2021-02-09T20:03:09,2024-01-23T13:07:42
Roasted Bluff IPA,PORTER,754581922855,154,13.16,2023-03-08T18:28:54,2024-04-09T06:06:13
Hoppy Fox IPA,PILSNER,246049666602,380,8.23,2021-06-23T23:55:19,2023-01-07T09:28:27
Malty Fox Pilsner,PORTER,875028525754,258,20.36,2023-04-29T05:45:16,2024-04-30T05:03:24
Rustic Hawk Ale,ALE,397815287251,467,11.86,2020-03-22T02:07:42,2021-02-04T12:14:55
Bitter Ridge Porter,PORTER,670335528983,402,13.02,2021-12-18T08:20:10,2024-09-28T15:35:43
Rustic Peak Pilsner,ALE,257141388295,496,5.81,2024-10-17T00:46:43,2024-11-28T09:32:38
Ancient Eagle Pilsner,SOUR,820795069231,263,20.75,2023-10-14T04:20:35,2024-11-08T21:27:30
Dark Bluff Porter,GOSE,639945727650,498,21.37,2021-09-29T12:45:18,2021-12-15T09:35:04
Wild Lion Stout,PALE_ALE,389864543727,280,9.92,2021-05-11T04:48:46,2022-03-16T06:19:46
Frosty Mountain Pilsner,SOUR,893836463999,404,20.24,2022-09-29T19:16:31,2024-07-23T16:00:11
Crispy Ridge Gose,SOUR,543908182211,296,7.01,2024-08-13T06:01:02,2024-09-24T03:45:01
Frosty Wolf Ale,IPA,090487952009,61,19.67,2020-08-02T10:44:35,2021-10-30T06:48:41
Frosty River Ale,LAGER,488463695566,216,9.32,2023-09-01T09:53:30,2024-05-27T02:12:21
Imperial Storm IPA,LAGER,110969949698,449,16.32,2021-06-12T18:33:06,2021-10-23T06:51:53
Roasted Wolf Porter,WHEAT,931944547511,269,13.78,2020-08-08T09:02:02,2022-10-18T11:34:26
Golden Bear Wheat,PALE_ALE,748409601128,274,23.9,2020-07-17T11:21:55,2022-07-26T01:56:24
Golden Ridge Sour,LAGER,780956643818,61,14.73,2023-06-13T15:19:50,2024-06-20T03:22:12
Ancient Bluff Stout,GOSE,234309784090,327,20.49,2021-05-07T15:59:46,2024-03-28T02:22:58
Bright Creek Stout,PALE_ALE,560202803875,263,7.87,2024-03-13T01:28:54,2024-04-09T12:44:24
Bold Eagle Pilsner,SOUR,944499783509,152,13.51,2020-03-28T10:52:43,2024-04-14T11:31:30
Wild Tiger Pilsner,PORTER,654590772941,3,24.58,2020-03-03T13:43:47,2021-10-11T18:48:05
Imperial Forest Lager,WHEAT,773455459524,11,8.71,2022-12-10T18:50:20,2024-05-10T22:33:13
Sweet Raven Lager,LAGER,429903379062,21,9.48,2021-08-05T08:21:15,2023-10-10T03:32:39
Hazy Forest Pilsner,WHEAT,618322656698,165,18.18,2023-08-26T13:06:38,2023-09-19T10:00:09
Crispy Raven Pilsner,PALE_ALE,427095612326,298,2.99,2020-03-05T21:56:31,2024-08-06T01:53:00
Crispy Storm Sour,STOUT,702293671618,1,22.16,2020-12-21T14:46:31,2021-01-30T08:11:48
Bold Hawk Lager,STOUT,167206131943,154,13.05,2024-11-16T09:46:41,2024-12-03T21:08:34
Amber Dragon Sour,ALE,914217372776,343,5.11,2020-08-08T13:36:27,2022-08-21T06:23:54
Frosty Eagle Porter,STOUT,394821266494,137,4.47,2024-10-04T18:23:52,2024-12-04T10:25:59
Imperial Bluff Sour,GOSE,134466102221,336,19.77,2021-12-28T23:50:32,2023-12-27T08:08:22
Crispy Hawk Bock,WHEAT,714036554684,384,11.0,2022-06-23T03:16:46,2023-01-08T03:30:59
Bright Raven IPA,ALE,933694173737,334,12.46,2024-08-23T19:59:28,2024-12-06T12:22:45
Crispy Coast Bock,PORTER,949788022900,232,11.44,2020-09-05T01:33:09,2024-09-09T02:05:42
Cloudy Hawk Wheat,STOUT,220013313784,101,4.24,2021-07-01T08:35:13,2022-12-02T11:45:29
Golden Coast Gose,LAGER,656411294987,122,21.0,2022-01-03T10:35:07,2024-08-05T08:50:56
Bright Wolf IPA,LAGER,649676916668,88,9.68,2022-07-18T18:30:10,2022-11-19T19:49:27
Bitter Forest Porter,WHEAT,390006047322,430,6.4,2020-12-17T15:25:35,2024-08-19T12:02:08
Bitter Forest Gose,ALE,395412032133,165,21.04,2023-12-28T14:17:51,2024-12-06T02:49:49
Amber Mountain IPA,WHEAT,552050511687,236,12.32,2020-01-23T02:57:27,2022-12-03T02:29:12
Dark Falcon Porter,PILSNER,931378517352,214,20.14,2024-03-21T14:18:33,2024-06-17T06:45:30
Hazy Valley IPA,LAGER,312788263366,305,6.5,2022-12-29T05:04:52,2024-11-07T16:29:58
Dark Fox Ale,PALE_ALE,918814285212,0,18.22,2021-12-03T17:43:43,2024-02-17T06:31:16
Bright Coast Gose,LAGER,371074308548,437,16.57,2022-04-11T16:45:50,2023-06-30T14:00:44
Frosty Storm Porter,PORTER,783048749660,18,16.61,2021-11-21T18:30:04,2024-07-06T12:11:40
Crispy Mountain Gose,ALE,813035205639,199,22.81,2021-04-08T15:09:14,2022-09-24T15:52:57
Cloudy Wolf Ale,IPA,164901461220,23,16.87,2023-05-07T15:57:26,2023-05-15T13:23:38
Amber Falcon Stout,IPA,466265774820,180,10.97,2024-10-25T00:55:09,2024-12-28T07:04:52
Rustic Mountain Stout,LAGER,032927886642,496,6.32,2022-09-12T17:42:30,2022-12-28T09:21:41
Smooth Bluff Lager,STOUT,691766604921,106,3.9,2021-12-05T14:02:15,2024-05-15T19:36:50
Frosty Raven Stout,IPA,642026816761,330,17.79,2023-03-23T12:32:05,2023-08-26T11:04:18
Sweet Peak Pilsner,SOUR,706476599713,213,21.09,2023-08-16T11:55:55,2024-03-17T19:33:35
Amber Lion Wheat,WHEAT,530368648128,352,19.29,2021-09-20T09:38:33,2023-01-06T03:43:56
Bold Ridge Lager,GOSE,042742137817,118,19.41,2024-11-29T03:40:29,2024-12-20T11:21:09
Rustic Mountain Bock,SOUR,369113699491,232,24.38,2022-08-01T02:46:59,2024-12-22T13:43:41
Bitter Lion Stout,LAGER,673327086981,159,15.36,2021-06-21T09:18:00,2022-10-07T21:26:46
Golden Hawk Bock,SOUR,458048710707,1,6.17,2022-10-07T07:20:11,2022-11-07T22:32:57
Session Dragon Lager,STOUT,289779275826,41,23.6,2020-03-31T05:33:33,2020-04-09T16:26:48
Rustic Dragon Stout,STOUT,245520654489,334,7.39,2023-03-10T06:35:05,2023-11-12T10:27:48
Golden Peak Wheat,WHEAT,054908048900,70,11.63,2020-08-29T16:28:01,2021-06-26T11:43:49
Sweet Coast IPA,PORTER,810244258028,115,12.78,2021-12-08T14:50:36,2023-06-04T21:49:11
Dark Fox Sour,GOSE,537360414111,143,12.2,2022-08-07T19:32:00,2023-08-13T12:15:26
Smooth Bear Wheat,SOUR,429499855260,303,9.85,2023-10-11T12:08:45,2024-03-21T05:04:24
Crispy Dragon Sour,LAGER,121658152005,401,14.29,2024-02-11T07:49:35,2024-11-05T23:10:14
Sweet Hawk Wheat,STOUT,963972362025,11,17.01,2024-09-27T11:33:29,2024-11-13T13:17:34
Imperial Creek Gose,PORTER,381190372535,124,21.29,2022-09-24T23:09:36,2022-12-02T01:50:38
Cloudy Raven Bock,WHEAT,202417869510,393,16.62,2022-10-02T13:54:15,2024-11-08T19:34:26
Hoppy Hawk Wheat,PORTER,142668268388,484,10.25,2021-08-21T03:33:23,2024-04-16T16:36:17
Wild River Lager,ALE,343200149093,267,22.79,2022-05-20T01:45:29,2022-07-21T22:46:10
Smooth Falcon IPA,WHEAT,425279559056,250,23.07,2023-01-23T23:47:16,2024-07-09T10:57:51
Bitter Wolf Ale,ALE,031195232638,197,22.27,2021-05-22T02:38:31,2021-11-14T21:30:34
Crispy Mountain Sour,PILSNER,569272133553,324,3.29,2020-07-20T02:39:04,2020-08-14T14:58:41
Smooth Wolf Porter,LAGER,958864180681,156,7.36,2023-06-14T12:59:10,2024-08-27T08:45:02
Rustic Fox Stout,ALE,142034342800,291,23.38,2020-08-06T14:16:34,2020-08-13T07:39:04
Amber River Lager,PORTER,508568969306,402,14.73,2023-04-19T18:04:46,2023-07-07T10:22:54
Hazy Storm Bock,SOUR,275553122161,348,18.39,2024-04-01T01:32:42,2024-05-03T07:35:08
Wild River Porter,PILSNER,825652096099,47,21.09,2021-02-05T04:38:08,2021-08-24T00:23:57
Wild Creek Gose,GOSE,692876305278,337,8.98,2024-02-18T10:57:44,2024-07-28T19:28:49
Bold Wolf Bock,SOUR,611259468639,381,5.09,2020-11-01T10:07:10,2021-01-22T07:52:25
Dark Bluff Stout,GOSE,964797312361,33,4.1,2024-10-01T17:46:55,2024-11-07T05:36:27
Cloudy Peak IPA,STOUT,011982506087,444,7.67,2023-09-10T03:56:48,2024-10-09T23:11:04
Wild Valley Porter,GOSE,861735525172,34,7.87,2020-08-18T15:29:52,2024-12-10T22:46:29
Golden Wolf Bock,WHEAT,734466475381,205,23.51,2023-11-02T06:57:25,2024-10-18T13:30:20
Smooth Dragon Lager,PORTER,678263673945,354,22.28,2024-09-27T04:44:40,2024-10-01T22:56:43
Smooth Peak Bock,IPA,894868039174,183,6.21,2021-07-16T22:01:28,2023-07-21T15:51:10
Roasted Wolf Pilsner,PALE_ALE,605161921051,134,12.86,2024-07-26T18:15:29,2024-10-14T17:28:51
Roasted Fox IPA,GOSE,406166086363,430,18.23,2024-04-19T05:24:35,2024-08-27T02:44:18
Bright Tiger Porter,STOUT,640650566122,231,5.41,2023-09-04T05:48:59,2024-01-02T16:47:17
Malty Creek Stout,PILSNER,095380332445,116,8.77,2023-12-18T00:38:56,2023-12-24T22:18:19
Hoppy Peak Stout,WHEAT,761659828136,416,12.81,2024-06-23T09:59:38,2024-07-06T20:34:01
Hazy Lion Ale,PILSNER,009822880850,391,15.99,2022-02-11T16:45:07,2023-07-07T06:19:44
Bold Bluff Stout,PILSNER,038063764247,44,3.15,2022-12-14T21:22:45,2023-03-07T05:52:39
Hazy Raven IPA,IPA,763682915956,86,13.94,2023-10-28T21:45:20,2024-05-01T12:16:31
Session Fox IPA,GOSE,972213038066,135,10.3,2023-03-25T11:48:46,2024-05-08T09:45:56
Golden Eagle Porter,GOSE,911498987991,358,16.13,2022-08-11T14:25:17,2024-11-17T14:35:15
Crispy Bear Porter,WHEAT,006929493371,328,8.17,2020-12-29T11:49:03,2024-01-20T20:43:26
Frosty Falcon Bock,WHEAT,689460409270,254,6.31,2020-10-23T21:50:53,2023-07-11T19:09:01
Wild River Stout,PALE_ALE,529420835837,84,14.01,2023-06-13T01:41:06,2024-10-30T00:32:15
Crispy Valley Gose,PORTER,704032490678,350,19.9,2024-05-31T04:47:28,2024-12-10T00:39:19
Hoppy Raven Pilsner,IPA,934426067026,190,14.02,2023-08-04T09:17:06,2024-09-30T12:30:32
Bright Falcon Lager,ALE,527659122252,499,4.24,2020-06-05T18:34:32,2023-10-26T23:59:26
Hazy River Porter,SOUR,958739209703,52,20.95,2021-07-18T19:43:25,2022-10-30T01:45:34
Sweet Wolf IPA,GOSE,090944140621,354,16.59,2024-11-29T05:15:39,2024-12-05T09:12:25
Session Wolf Gose,PORTER,383204589511,266,20.07,2022-08-07T18:22:16,2024-03-31T01:24:49
Rustic Hawk Porter,LAGER,467589857880,197,23.58,2020-05-17T15:09:00,2024-03-27T10:12:42
Ancient Falcon Gose,PILSNER,264412059310,260,10.15,2024-04-19T20:06:41,2024-08-17T09:40:20
Crispy Peak Pilsner,PORTER,039023492395,243,18.34,2020-12-04T20:14:16,2022-08-02T06:44:53
Ancient Raven Lager,LAGER,435781629893,428,3.87,2022-11-10T10:06:26,2023-12-28T13:40:44
Hazy Bluff Ale,SOUR,749213034754,331,24.17,2020-07-17T13:26:33,2022-03-07T21:12:34
Hoppy Eagle Pilsner,IPA,294207420436,47,21.61,2021-12-02T07:34:18,2023-06-01T04:45:28
Golden Hawk Sour,PILSNER,463931142054,372,12.19,2022-06-03T15:08:47,2022-10-23T05:23:36
Rustic Creek Sour,PORTER,784564549379,315,5.08,2023-03-01T20:15:20,2023-12-20T00:54:40
Rustic Coast Porter,ALE,145507630936,134,16.61,2022-11-12T21:56:38,2023-05-20T06:42:09
Hazy Peak IPA,ALE,162510533874,284,13.28,2020-04-21T04:27:54,2024-08-03T00:48:03
Session Peak IPA,LAGER,765741710196,208,13.04,2023-05-24T18:42:18,2023-11-20T15:44:06
Rustic Fox Bock,SOUR,090420555976,456,18.76,2021-12-16T02:40:49,2024-07-23T20:04:07
Ancient Ridge Lager,PALE_ALE,406368763528,209,21.1,2024-05-17T20:58:31,2024-06-06T18:54:43
Sweet Lion Stout,WHEAT,289499399338,265,4.91,2023-12-29T15:44:41,2024-10-31T19:25:41
Roasted Storm Ale,GOSE,628599742672,334,17.94,2022-08-26T06:58:40,2022-12-14T22:46:13
Malty Eagle Gose,PALE_ALE,229905729307,72,12.93,2023-11-26T00:02:00,2024-07-30T13:23:45
Hoppy Dragon Bock,LAGER,733940565956,450,15.89,2022-01-04T14:15:54,2024-07-28T12:20:55
Smooth Coast IPA,PILSNER,717472094666,41,22.33,2021-01-13T09:04:18,2024-04-30T04:00:35
Imperial Tiger Porter,PILSNER,194951324076,255,12.04,2021-12-20T22:57:46,2024-10-31T16:01:00
Ancient Fox Ale,ALE,352444368463,1,6.06,2022-05-25T10:21:58,2023-01-18T03:51:33
Dark Falcon Porter,STOUT,127960655585,421,5.7,2024-03-28T10:01:13,2024-03-29T08:23:02
Sweet Storm Gose,SOUR,152337351522,298,7.39,2022-10-21T22:12:46,2023-07-07T00:03:00
Sweet Coast Gose,STOUT,172287778441,253,5.38,2020-09-18T19:19:00,2023-09-22T15:24:48
Session Bear Wheat,PILSNER,709899340362,445,8.39,2020-10-31T04:16:35,2022-07-31T20:45:09
Imperial Bluff Ale,IPA,635954100782,246,17.03,2021-10-19T07:01:29,2023-09-03T11:33:22
Wild Storm Pilsner,PILSNER,436327182162,109,6.36,2022-06-09T08:43:17,2023-05-01T14:16:16
Imperial Forest IPA,SOUR,429544546539,421,21.87,2022-09-29T10:09:00,2023-02-04T08:33:04
Bold Bear Gose,IPA,311035846677,176,19.19,2021-11-19T10:25:14,2024-02-23T19:06:43
Golden Tiger Sour,SOUR,334997634905,482,3.83,2024-04-24T01:39:22,2024-12-15T17:11:16
Amber Eagle Gose,GOSE,998083008212,199,20.39,2023-12-07T13:39:36,2024-03-04T20:43:18
Wild Raven Porter,GOSE,819390309292,374,11.39,2020-02-17T21:59:59,2023-06-26T20:09:52
Golden Forest Porter,IPA,068833482440,81,24.2,2024-12-01T21:18:26,2024-12-19T05:23:15
Session Dragon Pilsner,ALE,632528519896,118,7.6,2022-01-22T06:03:35,2024-02-08T06:38:36
Hoppy Mountain IPA,WHEAT,037595767709,156,7.75,2024-10-24T15:34:38,2024-12-08T02:28:44
Rustic Wolf Stout,PORTER,776036602359,193,14.82,2023-12-07T03:51:36,2024-10-21T12:39:22
Frosty Lion Sour,PILSNER,322919689049,122,18.86,2022-08-23T07:36:18,2022-10-05T20:35:05
Sweet Falcon Sour,PALE_ALE,078973163934,20,4.28,2024-07-03T20:18:53,2024-07-26T23:55:20
Frosty River Lager,PILSNER,191002781006,200,4.05,2022-02-25T20:11:40,2023-01-19T11:29:10
Cloudy Wolf Gose,PORTER,014608096265,88,17.85,2021-01-15T19:03:56,2022-02-15T19:59:04
Wild Bluff Pilsner,SOUR,826416714120,31,23.54,2021-08-31T21:26:51,2022-02-19T16:55:00
Cloudy Peak Gose,PILSNER,077917707654,401,19.19,2020-10-23T09:48:44,2020-12-05T11:14:41
Amber Eagle Sour,SOUR,027254095790,31,18.26,2020-03-14T04:09:47,2022-10-07T07:45:46
Golden Forest Pilsner,PALE_ALE,117516702154,38,21.57,2021-08-06T07:38:22,2023-05-09T09:41:10
Dark Valley Pilsner,SOUR,615524020291,328,10.34,2024-12-10T22:32:02,2024-12-28T18:56:46
Smooth Mountain Pilsner,SOUR,099466335238,326,8.01,2020-06-05T08:21:18,2022-11-20T02:20:46
Cloudy Storm Sour,PILSNER,992975673104,466,7.0,2023-01-27T05:45:07,2024-11-29T09:50:07
Crispy Storm Stout,PORTER,844485726722,251,16.49,2022-03-10T13:55:58,2023-09-26T06:40:36
Malty Wolf Sour,PORTER,471172075927,370,7.07,2022-11-10T11:47:47,2024-04-04T20:12:44
Session Coast Stout,PALE_ALE,056057981282,388,7.35,2023-09-13T13:29:18,2024-03-14T06:24:40
Malty Falcon Ale,PILSNER,823299098522,351,5.42,2020-07-02T21:27:01,2022-06-10T22:16:17
Hoppy Dragon Stout,IPA,832706791630,340,9.42,2023-09-23T05:16:46,2023-10-10T11:55:06
Cloudy Tiger Bock,SOUR,827439897477,54,10.77,2021-06-13T23:52:15,2024-09-16T01:28:27
Smooth River IPA,STOUT,894595127606,89,6.54,2021-01-04T12:13:57,2023-02-19T01:48:06
Crispy Wolf Lager,GOSE,815384299526,137,18.86,2022-08-18T04:06:44,2024-06-25T14:26:26
Sweet Dragon IPA,PALE_ALE,016771480687,187,22.37,2020-02-29T02:15:35,2020-10-11T07:08:11
Wild Lion Porter,PALE_ALE,315589515001,167,8.02,2020-08-06T09:04:13,2021-01-19T13:42:54
Amber Dragon Lager,ALE,755076833862,203,12.5,2024-07-09T03:21:15,2024-11-19T17:54:23
Hazy Creek Stout,LAGER,016589874262,193,22.29,2024-06-07T09:08:43,2024-09-17T20:00:58
Roasted Coast Gose,STOUT,687939410805,288,13.28,2020-09-02T05:04:30,2024-09-07T07:25:51
Imperial Fox Stout,IPA,438978722157,432,11.43,2022-08-28T22:32:39,2024-09-20T02:17:45
Imperial Tiger Stout,IPA,865972997259,336,13.82,2024-08-23T11:45:47,2024-09-20T02:40:06
Golden Tiger Wheat,PILSNER,158313626303,322,13.5,2020-07-03T22:24:18,2023-08-05T08:30:38
Rustic Peak Bock,IPA,162996673000,490,19.13,2024-07-01T05:30:41,2024-12-18T07:08:40
Hoppy Fox Lager,LAGER,078796638839,329,9.07,2020-05-08T07:49:33,2022-11-16T17:39:08
Frosty Mountain Porter,SOUR,933550539810,356,16.21,2021-05-05T01:48:53,2023-07-05T09:20:01
Roasted Dragon Stout,PILSNER,530193129808,478,8.73,2023-02-18T15:55:19,2024-12-11T10:36:13
Malty Mountain Gose,SOUR,212466018394,442,19.0,2023-01-26T22:59:15,2023-08-08T18:39:09
Crispy Raven IPA,SOUR,346276829064,144,6.85,2020-10-16T13:57:38,2022-06-14T07:34:52
Amber Ridge Stout,WHEAT,770505092891,270,17.96,2022-08-06T23:19:43,2023-12-26T16:45:50
Hazy Wolf Sour,ALE,295624364920,149,24.15,2021-01-17T20:57:02,2023-05-25T11:14:08
Wild Ridge Stout,PILSNER,823177303267,332,14.53,2022-04-03T03:16:11,2023-10-08T12:44:54
Smooth Creek Ale,STOUT,356654854673,161,17.77,2020-09-20T12:09:56,2022-02-08T14:51:43
Wild Raven IPA,LAGER,150319197972,202,4.65,2022-01-31T09:28:19,2023-10-17T19:20:15
Session Eagle Porter,STOUT,747758529798,91,11.32,2023-04-21T04:08:53,2024-11-02T11:26:34
Ancient Raven Pilsner,ALE,665660040469,342,16.12,2024-07-22T04:04:38,2024-10-13T08:38:40
Rustic Falcon Gose,IPA,265920482201,275,16.44,2020-01-03T06:28:05,2021-07-10T04:15:51
Amber Forest Gose,PILSNER,026511947262,135,12.32,2021-06-03T12:41:39,2023-07-07T00:43:30
Rustic Coast Stout,PORTER,351772280114,333,5.2,2022-10-23T23:53:45,2023-11-23T16:42:48
Sweet Wolf Wheat,ALE,728611766592,402,10.65,2022-07-21T12:55:04,2023-10-31T13:50:42
Amber Forest Pilsner,PALE_ALE,273563530600,267,5.88,2024-05-16T13:12:16,2024-10-09T17:53:28
Amber Peak Pilsner,SOUR,788415966796,319,4.2,2023-09-24T03:36:47,2024-01-03T12:28:51
Smooth Forest Sour,GOSE,538921037678,450,17.1,2023-12-28T07:12:55,2024-03-13T20:54:22
Wild Dragon Sour,PILSNER,799548383257,423,5.07,2023-11-17T01:56:07,2024-03-28T11:24:22
Ancient Creek Lager,IPA,599459690731,185,12.45,2022-02-20T00:12:14,2022-11-01T15:32:55
Crispy Bear Bock,GOSE,311523270759,210,6.95,2024-11-17T06:54:50,2024-11-21T13:05:48
Golden Bluff Gose,STOUT,817930473875,19,15.75,2024-06-22T23:15:31,2024-11-13T20:46:46
Golden Ridge Sour,LAGER,099417437425,399,21.19,2020-07-08T07:05:45,2022-12-30T03:59:41
Imperial Raven Wheat,STOUT,567164318165,162,24.04,2024-12-24T02:30:55,2024-12-26T15:10:05
Wild Hawk Bock,PORTER,686331112291,35,12.08,2022-03-01T05:53:36,2022-06-07T23:07:40
Amber Coast Pilsner,SOUR,746023168466,27,18.55,2022-04-11T15:46:13,2024-09-07T16:32:36
Sweet Ridge Bock,IPA,916685965391,248,16.18,2023-08-26T22:18:16,2023-10-12T14:53:18
Bold Dragon Wheat,PILSNER,685788534885,449,17.37,2022-03-02T17:38:30,2024-09-17T08:48:40
Imperial Tiger IPA,WHEAT,059690736737,274,17.02,2022-08-31T14:29:04,2023-02-19T22:22:33
Dark Eagle IPA,GOSE,282261677305,279,24.78,2020-08-23T02:55:11,2024-01-08T20:37:33
Rustic Lion Ale,LAGER,885686289012,320,17.99,2024-10-12T20:01:24,2024-11-17T23:43:26
Session Peak Wheat,PORTER,966877505256,56,4.82,2020-02-08T05:31:30,2022-10-14T11:37:32
Amber Ridge Gose,STOUT,452569677574,156,16.75,2023-01-31T06:59:30,2023-10-18T15:38:11
Ancient Fox Stout,PALE_ALE,474806069165,447,3.91,2024-12-17T11:25:15,2024-12-26T18:51:50
Malty Storm IPA,IPA,315771646579,111,14.54,2024-09-17T05:09:58,2024-10-13T10:17:45
Smooth Tiger Gose,GOSE,680572929305,181,10.63,2024-09-14T05:00:15,2024-10-13T16:05:19
Amber Wolf Wheat,LAGER,678568773333,375,7.7,2020-01-16T14:41:39,2023-11-09T04:54:03
Rustic Lion Ale,SOUR,842861748761,260,16.16,2023-02-26T05:59:40,2024-06-06T10:26:03
Dark Coast Lager,PILSNER,330922915586,264,21.09,2022-08-21T22:22:19,2024-02-02T04:25:56
Golden Dragon Wheat,SOUR,874919580012,135,21.46,2021-09-28T03:41:48,2024-01-03T10:40:09
Hazy Bear Pilsner,PORTER,835086639768,184,10.55,2024-07-05T11:50:38,2024-11-04T16:22:49
Roasted Eagle Stout,PORTER,440494954955,445,17.08,2021-12-19T04:51:16,2024-06-22T09:46:23
Hazy River Stout,WHEAT,176428308215,11,8.31,2024-10-27T16:35:02,2024-11-14T10:10:27
Golden Ridge Gose,ALE,527188801104,472,18.0,2020-03-24T09:52:27,2023-05-23T00:24:55
Hoppy Forest Sour,LAGER,660090860261,432,7.43,2023-11-30T17:43:08,2024-07-01T12:06:24
Rustic River Wheat,PALE_ALE,744285996008,326,3.97,2023-06-29T01:08:02,2024-07-02T04:30:46
Hoppy Mountain Lager,PORTER,144098896458,81,11.84,2020-08-02T14:28:00,2021-10-24T10:17:36
Bitter Bear Pilsner,PALE_ALE,860925977269,161,4.62,2023-10-11T03:41:56,2024-09-25T11:04:27
Session Valley Stout,WHEAT,792126528071,76,7.43,2021-04-02T03:03:31,2023-04-10T02:58:03
Bright Mountain Pilsner,LAGER,553766527775,179,8.53,2021-03-24T00:21:38,2022-04-16T06:49:43
Bold Mountain Stout,PORTER,369806033782,277,4.2,2020-09-27T19:43:33,2024-11-16T23:12:30
Wild Tiger Lager,PORTER,154578528961,41,14.3,2020-06-03T21:03:39,2022-06-15T09:47:55
Malty Mountain Gose,IPA,563882175882,91,16.21,2022-10-02T07:36:14,2023-11-02T22:21:12
Roasted Eagle Gose,LAGER,419619506218,108,4.03,2023-10-30T06:55:06,2024-03-01T05:00:53
Hoppy Bluff Gose,GOSE,796898980871,164,10.98,2020-01-29T01:13:36,2022-06-16T16:40:31
Dark Coast Sour,STOUT,707839985566,459,24.78,2020-05-31T07:47:47,2021-03-31T00:14:07
Sweet Dragon IPA,PORTER,295258709099,325,6.94,2022-08-29T23:42:01,2024-08-29T03:11:54
Roasted Mountain Sour,PALE_ALE,859930435378,349,5.38,2024-02-05T09:55:08,2024-12-02T11:33:56
Bold Wolf Sour,PALE_ALE,911585411309,33,14.5,2021-06-30T14:15:01,2023-06-13T04:43:40
Frosty River Stout,IPA,104889905952,242,18.24,2021-11-11T04:19:11,2023-04-21T15:15:37
Bitter Storm Bock,PALE_ALE,509245581634,157,9.78,2023-03-21T06:28:45,2024-08-18T09:36:15
Session Eagle Porter,ALE,737195241568,412,6.65,2023-10-06T00:22:06,2024-01-20T15:15:07
Dark Raven Lager,PALE_ALE,629857989730,202,23.71,2024-10-03T15:51:40,2024-12-16T10:33:01
Hoppy Creek Lager,PORTER,194823716532,343,24.5,2023-07-19T09:31:10,2023-08-31T20:45:17
Cloudy Dragon Gose,PALE_ALE,228974968306,330,19.8,2020-10-18T23:47:25,2022-01-03T19:25:20
Imperial Mountain Gose,ALE,441947189635,224,12.18,2020-02-20T16:21:32,2022-04-20T14:00:15
Hazy Ridge Stout,LAGER,613182487794,487,22.31,2023-01-30T03:19:00,2023-12-12T18:10:00
Imperial Dragon IPA,SOUR,753334919311,70,6.44,2022-05-19T19:24:12,2022-11-25T18:02:52
Golden Peak Wheat,WHEAT,713975484554,473,22.52,2022-08-30T03:53:22,2022-11-10T01:49:15
Smooth Creek Lager,ALE,687893932458,61,20.88,2023-08-15T07:25:13,2024-03-18T02:57:30
Amber Eagle Pilsner,IPA,040937237765,390,9.04,2024-03-02T16:00:44,2024-12-17T02:00:37
Bright Ridge Lager,GOSE,430328349947,73,12.39,2021-02-20T03:31:14,2024-11-22T21:40:46
Hazy Creek Pilsner,GOSE,308857927630,499,12.56,2021-05-10T10:20:38,2022-08-20T02:39:08
Smooth Valley Porter,ALE,466320496984,321,23.09,2023-06-14T11:58:06,2024-04-13T10:29:18
Wild Dragon IPA,LAGER,295492906012,187,18.78,2023-08-01T05:17:07,2024-02-23T15:19:21
Session Lion Stout,GOSE,362209374011,127,18.08,2024-07-07T10:31:14,2024-12-23T03:44:19
Cloudy Creek IPA,GOSE,967731186302,188,21.88,2024-10-01T18:54:22,2024-12-03T10:36:16
Cloudy River Sour,LAGER,500323968307,247,10.83,2021-02-21T10:53:13,2023-06-13T07:04:09
Malty Storm Wheat,PALE_ALE,620674639947,179,18.97,2020-09-20T00:26:25,2022-10-25T18:54:51
Cloudy Raven Ale,GOSE,685322289309,417,5.76,2021-03-13T22:38:41,2022-01-01T17:15:01
Crispy Falcon Ale,GOSE,461025830073,77,11.04,2020-11-23T11:31:22,2023-05-30T18:18:21
Hoppy Hawk Sour,PORTER,758509399425,308,14.88,2024-10-29T11:02:45,2024-12-22T18:41:39
Frosty Tiger IPA,PORTER,455153780168,163,7.85,2023-04-14T21:27:02,2024-01-12T22:51:04
Session Coast Sour,STOUT,722205312345,447,21.37,2024-09-22T16:56:01,2024-10-18T05:11:36
Bitter Storm IPA,IPA,428202391103,394,13.07,2021-12-13T08:48:48,2022-06-16T23:51:41
Bitter Creek Stout,SOUR,039927077910,61,11.74,2020-03-22T12:44:04,2021-02-02T01:51:27
Bitter Ridge Stout,SOUR,907295422166,66,21.86,2022-10-04T14:15:36,2023-04-28T04:18:00
Rustic Wolf Stout,ALE,400355201298,193,11.4,2020-04-08T12:26:54,2021-02-03T07:41:33
Session Storm Ale,PALE_ALE,089901427014,389,16.63,2023-11-20T12:14:11,2024-09-30T06:29:25
Bold Wolf Ale,GOSE,134820910561,474,21.6,2022-02-11T03:12:30,2022-09-25T21:37:08
Session Valley Porter,GOSE,205347794511,188,11.37,2024-03-29T04:08:36,2024-06-18T14:43:25
Rustic Peak Sour,SOUR,606559064325,278,16.47,2023-03-05T20:04:02,2024-02-04T11:51:51
Imperial Eagle Gose,WHEAT,376674430811,431,7.76,2020-02-22T16:43:46,2020-05-25T22:45:18
Hoppy Falcon Pilsner,LAGER,312832471947,407,19.65,2021-04-25T16:18:39,2022-11-06T13:36:03
Sweet Falcon Pilsner,WHEAT,143556801014,6,9.61,2021-09-23T12:19:13,2022-01-22T08:27:49
Imperial Storm IPA,PALE_ALE,895588813340,37,11.8,2022-07-30T00:40:12,2022-12-13T18:45:29
Bright Fox Sour,PALE_ALE,133521120868,266,19.2,2022-07-11T00:29:46,2023-09-17T01:27:32
Wild Eagle Gose,SOUR,871632088033,241,11.82,2023-10-02T21:08:38,2023-12-26T12:18:35
Bitter Bluff Pilsner,PALE_ALE,676898665184,404,11.1,2022-02-02T20:03:01,2024-12-01T11:18:41
Frosty Valley Wheat,ALE,511262761614,32,9.51,2022-06-09T03:41:00,2024-02-28T02:00:07
Hoppy Raven Lager,PORTER,395965570864,209,23.81,2021-07-31T09:03:21,2021-09-06T04:40:47
Bright Bear Lager,ALE,181303274853,267,19.78,2022-03-01T17:21:59,2024-03-07T12:29:07
Crispy Eagle Stout,ALE,959327079861,326,23.77,2024-01-19T18:09:17,2024-01-21T08:59:49
Golden Peak Porter,PILSNER,200631085197,142,17.93,2022-08-11T12:32:43,2023-08-03T22:13:24
Bold Creek Pilsner,PILSNER,866030183741,9,5.79,2024-06-16T03:02:04,2024-11-25T13:12:08
Wild Mountain Pilsner,PORTER,250338054097,138,11.65,2020-07-09T06:38:31,2023-10-31T01:23:03
Crispy Raven Bock,PORTER,905431355910,85,21.84,2024-02-28T12:49:55,2024-06-04T03:00:40
Malty Dragon Gose,ALE,962516557986,339,6.84,2020-01-03T07:49:29,2022-09-05T03:06:14
Bright Eagle Pilsner,STOUT,528564256761,123,18.72,2022-01-29T17:23:08,2023-05-01T21:16:21
Roasted Coast Bock,ALE,858600905163,347,24.82,2024-10-16T04:55:43,2024-11-25T08:51:54
Roasted Bear Porter,LAGER,813356497714,71,20.21,2024-10-26T08:12:35,2024-11-08T19:12:00
Roasted Coast Sour,PALE_ALE,904374922602,344,22.82,2020-01-25T14:32:12,2024-02-23T18:34:49
Frosty Peak IPA,GOSE,262257360477,343,13.85,2020-01-27T23:11:18,2021-10-15T16:43:08
Bright Fox Bock,PILSNER,562425406639,495,10.33,2021-05-12T13:13:02,2023-05-27T16:47:27
Ancient Ridge Pilsner,GOSE,536503658413,54,11.02,2022-04-30T08:37:48,2023-11-02T16:07:47
Hoppy Hawk Porter,WHEAT,260065335543,183,24.28,2021-04-20T23:23:24,2024-09-20T00:43:03
Hoppy Mountain Wheat,GOSE,891961898509,478,18.73,2022-05-20T21:11:09,2024-04-30T02:23:51
Golden Forest Gose,WHEAT,107112621575,293,6.45,2023-04-20T07:46:58,2024-08-26T14:39:56
Bold Dragon Porter,GOSE,267227472479,246,21.99,2021-06-06T06:59:26,2022-09-08T22:57:23
Bright Raven Stout,SOUR,739038845648,77,3.31,2022-07-14T16:29:57,2024-07-22T00:19:03
Session Coast Porter,SOUR,369030933239,484,13.25,2021-04-17T18:20:33,2021-10-04T23:25:09
Imperial Dragon IPA,GOSE,701026281668,108,24.02,2020-01-07T02:39:25,2023-01-20T14:21:33
Session Bluff Gose,WHEAT,767585362315,218,24.49,2024-03-12T01:18:20,2024-06-22T18:28:01
Dark Tiger Porter,PALE_ALE,430867386819,491,19.14,2022-03-08T09:03:30,2023-10-03T09:07:00
Dark Ridge IPA,PALE_ALE,320864322346,117,17.38,2021-08-09T07:16:43,2022-02-20T17:55:18
Bitter Raven Lager,PILSNER,690981232441,218,17.13,2023-10-27T21:12:59,2024-04-09T20:40:43
Bold River Porter,PILSNER,245676923606,86,12.83,2020-11-08T16:23:57,2022-01-29T12:09:14
Amber River Pilsner,PALE_ALE,541544131365,364,10.09,2024-05-02T18:55:53,2024-08-25T18:38:19
Smooth Storm Porter,STOUT,566424631481,80,13.74,2020-03-02T02:16:01,2024-06-20T20:47:17
Frosty Ridge Stout,PILSNER,587505256090,153,24.67,2022-09-16T07:37:00,2022-09-17T11:33:30
Dark River Lager,SOUR,320412759969,83,12.91,2023-08-22T12:51:37,2024-03-14T08:47:20
Wild Bear Porter,GOSE,753667701346,344,12.48,2021-12-20T00:59:34,2024-11-04T17:25:18
Bright Peak Porter,PALE_ALE,264574670169,184,8.03,2023-06-03T16:58:28,2024-11-26T13:10:38
Cloudy Peak Porter,PORTER,557216570697,211,12.96,2020-10-20T19:24:27,2022-09-21T16:06:48
Malty Wolf Pilsner,GOSE,745681577778,296,21.46,2020-02-20T06:05:11,2024-10-12T02:04:40
Frosty Storm Bock,IPA,262436417503,82,19.84,2022-12-26T21:44:45,2023-05-05T05:54:06
Ancient River Stout,IPA,245825851065,278,13.31,2023-06-27T07:32:48,2024-02-15T07:48:42
Frosty Raven Wheat,IPA,791328064426,226,20.03,2022-12-23T03:58:27,2024-05-17T05:26:45
Rustic Peak Sour,IPA,524735157260,176,16.4,2021-01-09T07:32:19,2021-10-13T12:59:24
Bold Ridge IPA,ALE,608761797436,257,10.12,2022-03-04T23:54:15,2023-10-10T08:33:07
Bright Wolf Gose,LAGER,071125333366,467,7.17,2020-07-17T06:08:22,2024-12-07T12:09:09
Session River Bock,PALE_ALE,237887413555,326,18.04,2023-03-10T14:11:40,2024-04-28T21:38:23
Imperial Bear Stout,WHEAT,786821034271,395,20.4,2024-12-06T20:26:20,2024-12-11T03:40:25
Hoppy Wolf Sour,SOUR,167334083664,230,4.32,2020-03-09T10:48:22,2021-02-24T05:15:20
Malty Hawk Lager,GOSE,960103226694,152,15.98,2022-07-06T03:15:32,2023-07-26T14:52:56
Bitter Ridge Lager,PALE_ALE,210894964331,203,23.11,2023-06-06T03:23:25,2024-07-10T11:50:40
Amber Eagle Gose,ALE,365680967449,213,21.1,2024-04-07T06:06:36,2024-07-02T18:10:50
Roasted Bluff Porter,PALE_ALE,037543018993,447,5.47,2020-04-03T07:05:00,2021-03-04T02:31:50
Bright Falcon Stout,WHEAT,055362349242,291,4.61,2021-01-01T11:05:23,2023-12-12T00:48:22
Hazy Tiger Wheat,GOSE,538453880145,88,10.66,2022-05-01T10:35:15,2023-01-06T23:01:22
Sweet Peak Bock,LAGER,401460174886,478,18.09,2020-11-02T12:15:21,2020-12-17T21:46:01
Session Tiger IPA,ALE,002014453213,61,17.56,2021-06-02T09:37:40,2023-12-19T10:36:41
Bright Eagle Porter,LAGER,382875797482,192,16.66,2021-06-28T03:16:05,2022-10-08T23:04:23
Imperial Wolf IPA,PORTER,334695028793,17,10.65,2020-08-04T11:34:35,2024-03-21T00:28:00
Bitter Valley Wheat,SOUR,208065253529,240,13.09,2022-01-15T12:14:48,2024-02-11T22:52:06
Bright Mountain IPA,PORTER,973853436211,112,19.59,2024-12-02T21:19:46,2024-12-16T19:33:11
Imperial River Porter,GOSE,623901217712,353,22.76,2024-01-08T18:11:52,2024-10-04T09:14:54
Malty Valley Lager,ALE,279156304301,464,16.07,2022-05-04T02:57:37,2024-11-22T10:20:22
Ancient River Ale,IPA,631638418278,4,5.21,2020-07-17T04:01:31,2021-01-08T20:03:43
Sweet Valley Pilsner,PILSNER,028336060707,6,6.9,2020-12-30T22:26:41,2024-03-31T21:43:50
Ancient Eagle IPA,ALE,028236360748,290,22.61,2021-07-23T14:40:53,2023-08-14T05:07:05
Session Coast Wheat,PILSNER,434622698688,325,24.19,2024-04-01T00:50:19,2024-11-28T10:39:46
Golden Bear IPA,GOSE,266210823530,497,17.13,2023-11-04T05:08:54,2023-11-13T01:45:43
Hazy Forest Sour,GOSE,931293423292,0,6.03,2024-11-22T02:59:26,2024-11-26T03:59:23
Smooth Eagle Porter,SOUR,074716253604,479,11.21,2023-11-27T21:00:37,2024-09-01T14:08:29
Bitter Eagle Wheat,WHEAT,796175461203,111,4.59,2020-10-13T11:27:47,2020-11-13T02:28:37
Bright Peak Lager,PALE_ALE,025843928914,452,16.4,2024-02-15T23:23:34,2024-09-19T06:29:49
Frosty Peak Sour,LAGER,306551301792,425,10.92,2020-11-01T09:54:32,2021-08-30T23:59:24
Bitter Storm IPA,GOSE,571949481821,376,13.66,2024-05-18T00:26:37,2024-11-22T05:40:59
Bold Raven Porter,LAGER,849247446446,355,4.65,2021-03-28T14:27:03,2021-10-12T03:55:44
Ancient Peak IPA,GOSE,083138030649,160,24.83,2021-10-27T17:56:22,2022-03-01T06:56:27
Rustic Hawk Stout,GOSE,825263676421,240,5.64,2022-06-30T14:18:05,2023-03-07T05:31:53
Hoppy Tiger Porter,LAGER,829173048098,233,22.21,2022-02-15T18:26:05,2022-03-07T16:48:38
Sweet Forest Porter,WHEAT,482368830858,100,16.27,2024-05-26T02:03:40,2024-09-17T06:49:17
Bright Tiger Stout,PILSNER,081002897043,415,4.68,2024-03-06T23:40:30,2024-08-18T11:23:48
Bright Forest Lager,IPA,048934682947,316,8.17,2024-09-27T18:02:57,2024-11-21T07:48:51
Frosty Falcon Bock,GOSE,929941104972,456,21.95,2021-01-15T23:47:52,2023-12-02T21:28:41
Bitter Creek Lager,PALE_ALE,641409219330,86,4.95,2021-12-04T23:03:56,2024-07-18T00:20:38
Frosty Wolf Sour,WHEAT,666164567597,7,14.75,2020-06-09T05:47:18,2024-04-30T19:56:20
Crispy Forest Stout,LAGER,291113838327,325,9.63,2024-01-05T02:20:10,2024-12-01T22:56:18
Session Fox Ale,IPA,453189894705,425,17.06,2022-05-24T09:43:50,2023-06-10T16:46:41
Sweet Bluff Gose,GOSE,206026013472,461,22.96,2024-03-14T05:20:36,2024-05-29T15:22:47
Amber Falcon Gose,IPA,875469079079,355,22.68,2023-03-06T17:15:50,2024-04-27T06:34:24
Bold Ridge Pilsner,WHEAT,698872442032,150,17.26,2020-02-11T22:12:07,2021-02-03T23:26:05
Bitter Falcon Lager,GOSE,033802497027,66,18.84,2020-11-08T12:03:47,2021-02-27T00:14:14
Roasted Bear Porter,WHEAT,150536800219,235,22.19,2020-03-12T01:29:12,2024-05-18T09:07:01
Ancient Storm Porter,IPA,045770301616,331,15.49,2024-02-23T22:47:43,2024-03-09T21:18:47
Sweet Valley Sour,PALE_ALE,527916429515,172,11.28,2020-01-24T22:12:54,2020-04-07T01:49:32
Bitter Coast Sour,PILSNER,694485236444,240,21.97,2021-06-05T11:05:59,2023-12-01T04:55:09
Ancient Hawk Gose,STOUT,049373842126,190,7.52,2021-10-15T10:08:42,2022-09-19T19:46:52
Crispy Lion Wheat,ALE,802739847304,308,17.13,2021-12-26T09:23:45,2022-02-16T00:49:35
Wild Wolf Porter,WHEAT,881861977053,412,19.91,2021-03-21T20:07:06,2023-10-11T21:32:23
Bright Dragon Lager,WHEAT,563037590953,151,9.24,2022-08-16T14:13:43,2023-09-19T06:11:56
Malty Fox Sour,PORTER,753119362895,263,3.88,2020-09-20T07:13:38,2021-09-03T11:00:45
Golden Dragon Gose,GOSE,438747543760,396,16.72,2021-03-28T09:41:15,2024-11-23T05:49:06
Sweet Eagle Gose,STOUT,036527317286,239,13.33,2024-10-20T22:28:52,2024-12-20T07:05:54
Rustic Fox Porter,STOUT,776225236502,32,17.56,2022-12-25T08:06:55,2024-07-11T11:35:59
Hoppy Bluff Bock,SOUR,143868698466,470,3.74,2020-04-27T07:58:29,2022-01-21T08:11:21
Smooth Mountain IPA,ALE,776286580133,304,15.44,2024-05-07T12:17:43,2024-12-02T02:53:10
Session Coast Stout,PALE_ALE,538379602786,24,3.23,2023-12-05T07:51:10,2024-01-09T13:56:11
Rustic Peak Stout,SOUR,216491405848,222,5.92,2024-03-05T06:34:06,2024-12-15T03:57:04
Amber River Bock,IPA,445561961016,103,12.56,2020-10-22T22:23:13,2024-02-27T14:51:44
Malty Bluff Stout,LAGER,477793905130,153,9.82,2022-03-19T19:07:04,2023-09-11T23:29:29
Imperial Bear Lager,ALE,487441273143,94,15.99,2024-01-21T07:38:57,2024-12-23T20:25:41
Imperial Lion Wheat,WHEAT,715717079582,36,15.81,2021-08-21T11:20:04,2022-12-04T11:24:02
Bold Lion Ale,LAGER,066100454116,451,22.68,2022-12-27T16:27:59,2024-11-04T17:40:05
Roasted Storm Bock,IPA,014314678582,340,23.58,2024-05-30T04:29:56,2024-10-02T23:43:24
Bitter Eagle Ale,SOUR,411682932136,189,24.69,2023-04-03T16:28:13,2024-07-17T08:28:50
Wild Bear Wheat,PALE_ALE,697234134725,343,5.96,2021-07-05T19:57:44,2022-01-01T02:09:41
Hoppy Eagle Pilsner,PORTER,166909370631,64,7.35,2021-07-06T18:08:54,2022-04-23T15:50:27
Ancient Fox Lager,ALE,069794859235,430,7.97,2020-06-18T20:31:21,2022-09-17T17:14:33
Golden Wolf Bock,WHEAT,197825748796,105,18.14,2022-08-10T20:35:23,2024-11-03T04:02:19
Malty Wolf Gose,STOUT,582709674339,39,7.31,2023-06-29T16:01:40,2024-05-09T08:14:49
Bold Wolf Porter,SOUR,678761329842,472,21.25,2023-01-12T05:24:49,2023-11-23T19:58:37
Malty Eagle Lager,PALE_ALE,740446653461,297,16.08,2022-04-24T21:47:37,2022-12-03T15:45:15
Bold Raven Ale,IPA,485553952805,466,10.11,2024-05-02T14:32:53,2024-11-15T02:12:14
Ancient Storm Bock,LAGER,130979158756,127,17.24,2021-11-14T09:45:26,2022-02-08T18:46:55
Session River Gose,LAGER,283188697123,267,14.85,2024-02-09T01:36:42,2024-03-09T21:13:46
Session Peak Stout,PORTER,695981978694,91,18.69,2020-12-19T02:37:46,2023-12-31T13:19:57
Hoppy Mountain Gose,IPA,890855172369,289,8.69,2022-06-20T17:50:41,2024-05-17T08:14:17
Golden Creek Ale,IPA,858369557925,137,3.67,2021-10-02T20:43:15,2024-04-08T07:22:12
Roasted Falcon Wheat,GOSE,383567931574,242,13.22,2020-03-31T19:25:54,2023-06-29T08:27:10
Crispy Raven Pilsner,LAGER,236794235482,284,18.01,2020-09-24T09:53:36,2023-01-15T13:55:34
Hoppy Forest Sour,SOUR,796127348799,339,8.56,2020-05-28T23:55:52,2022-01-22T07:02:53
Sweet Valley Pilsner,LAGER,539531426935,475,12.94,2024-04-26T18:00:50,2024-05-06T22:05:50
Bitter River IPA,PALE_ALE,234427470565,209,13.3,2023-01-25T10:55:49,2024-04-04T17:18:26
Rustic Valley Lager,PILSNER,826235437437,242,3.64,2022-05-09T12:13:45,2023-06-28T14:21:36
Ancient Ridge Ale,PALE_ALE,951743913041,224,3.83,2020-06-27T21:14:54,2024-10-06T20:41:04
Frosty Creek Pilsner,ALE,171382243405,210,7.42,2022-05-13T12:52:19,2023-05-25T23:21:27
Hoppy Fox Sour,PILSNER,537665806537,109,6.1,2021-03-10T14:55:44,2022-07-27T16:15:09
Rustic Mountain Gose,STOUT,986490480545,499,22.72,2022-09-09T06:21:32,2024-09-27T14:04:56
Bitter Eagle Stout,WHEAT,355271058289,339,12.9,2022-04-19T17:32:53,2022-12-04T07:54:00
Imperial Lion Bock,STOUT,032226224761,252,12.72,2024-01-01T07:34:52,2024-04-25T22:34:38
Malty Fox Porter,PALE_ALE,402284455674,30,10.88,2024-08-07T15:15:47,2024-11-14T02:41:02
Session Storm Pilsner,PALE_ALE,794340647686,113,23.23,2022-10-23T07:04:47,2023-05-16T16:39:56
Golden River Gose,GOSE,770381104110,305,19.09,2021-07-15T23:31:03,2022-09-13T23:31:56
Frosty Bear Sour,STOUT,428136688732,407,6.13,2022-03-07T03:45:19,2023-06-11T02:03:48
Session Peak Gose,WHEAT,171284250467,362,10.98,2021-05-30T22:24:18,2023-01-15T23:03:44
Rustic Tiger Porter,STOUT,307589834418,383,17.57,2020-10-15T15:59:01,2022-02-06T07:48:36
Wild Lion Ale,PALE_ALE,788442681586,137,15.21,2024-05-03T16:05:20,2024-12-16T23:02:30
Ancient Bear Porter,IPA,639735720190,433,6.01,2020-12-24T17:23:52,2023-05-06T22:40:08
Cloudy Eagle IPA,IPA,464276637881,397,3.24,2020-01-16T16:15:35,2020-08-07T06:28:03
Bitter Falcon Bock,PILSNER,524354259938,362,3.2,2023-10-10T15:09:01,2024-09-30T13:01:09
Smooth Forest IPA,STOUT,147849340205,92,18.16,2021-04-08T09:06:38,2023-11-15T06:25:00
Malty Mountain Wheat,ALE,920108964467,486,9.75,2021-04-29T14:29:52,2022-03-23T02:49:39
Bright Valley Lager,PALE_ALE,480440322983,348,24.88,2024-09-03T03:13:08,2024-10-01T06:01:53
Rustic River IPA,WHEAT,782128213637,320,7.67,2023-11-14T06:14:02,2024-12-23T20:53:23
Bold Falcon Sour,PORTER,169880990460,173,19.39,2024-12-08T19:24:27,2024-12-16T13:52:25
Imperial Valley Pilsner,LAGER,929173292092,201,19.95,2022-05-27T05:51:30,2024-01-22T01:56:41
Crispy Bear Wheat,PILSNER,486679001953,460,18.98,2023-05-18T20:45:17,2023-07-26T13:14:06
Frosty Storm Bock,PORTER,896346897520,284,21.4,2022-06-13T11:56:37,2022-12-01T06:01:10
Hoppy Raven Bock,WHEAT,994860717620,411,13.13,2020-01-01T06:50:42,2024-04-01T20:28:55
Smooth Forest Stout,PILSNER,392974271020,206,12.91,2024-10-13T19:50:10,2024-11-05T22:59:41
Bold Raven Pilsner,PALE_ALE,743305369801,240,12.1,2024-03-17T03:32:30,2024-05-05T06:12:06
Hazy Ridge Ale,SOUR,253150177673,450,9.95,2023-09-20T02:06:06,2024-03-01T20:43:17
Crispy River IPA,WHEAT,482966853694,253,8.09,2020-12-05T20:07:38,2023-10-21T07:14:59
Wild Forest Sour,LAGER,493431527336,482,22.81,2022-11-07T16:40:27,2023-06-18T05:31:46
Crispy Bear Bock,SOUR,578320490187,95,14.63,2020-12-19T10:31:30,2024-05-09T07:43:02
Dark Bear Porter,STOUT,040097715388,130,5.86,2020-12-05T01:27:38,2022-04-29T15:19:18
Dark Lion Pilsner,STOUT,792240287148,341,16.66,2023-02-23T05:30:56,2024-01-03T21:51:25
Crispy Hawk Ale,GOSE,973744031301,387,3.8,2024-12-08T22:29:59,2024-12-29T17:27:32
Wild River Stout,PORTER,837622983463,171,24.96,2023-03-17T18:14:52,2023-10-10T05:34:48
Amber Wolf Gose,LAGER,147197320245,469,11.25,2024-02-21T03:26:42,2024-08-04T22:10:42
Bitter Tiger IPA,LAGER,878990879587,347,8.62,2022-08-12T12:13:11,2023-07-13T07:45:09
Crispy Valley Ale,WHEAT,878495862023,497,21.13,2021-03-28T17:26:26,2023-02-20T05:08:55
Dark Coast Ale,IPA,366972864342,169,8.06,2021-07-13T15:15:30,2024-10-26T07:04:02
Cloudy Peak Pilsner,LAGER,824181061486,440,5.64,2022-08-01T02:11:49,2023-05-20T00:32:41
Wild Bluff Pilsner,IPA,625021659788,58,9.08,2022-12-14T23:44:57,2023-03-06T04:23:30
Sweet Ridge Wheat,GOSE,324809304703,46,3.12,2022-03-21T05:18:37,2024-09-27T09:45:17
Sweet Valley Lager,PORTER,424143868309,269,19.01,2022-03-30T18:51:02,2023-03-21T13:42:49
Session Ridge Porter,LAGER,874103901952,417,13.67,2022-10-24T17:09:31,2024-10-28T11:50:24
Sweet Falcon Pilsner,SOUR,399510926550,266,21.75,2020-09-21T08:22:03,2022-05-26T22:23:33
Frosty Bluff Gose,ALE,158390820257,447,18.07,2023-05-24T08:59:00,2023-07-16T16:39:52
Dark River Sour,SOUR,777227361777,174,13.19,2022-09-18T06:18:38,2023-07-30T00:49:38
Session Raven Wheat,PALE_ALE,798665463881,106,7.1,2021-07-16T14:39:21,2024-02-13T07:52:49
Smooth Coast Gose,SOUR,325904077655,155,22.07,2021-11-06T03:32:36,2022-04-14T03:28:41
Dark Lion Porter,IPA,935860839328,494,6.58,2024-09-15T20:07:07,2024-12-06T10:03:14
Crispy Mountain Porter,SOUR,677926249939,101,24.99,2020-08-06T08:28:01,2022-11-28T18:44:04
Sweet Lion Ale,SOUR,397489447648,46,3.42,2024-05-11T19:33:37,2024-08-04T02:37:46
Ancient Bear Bock,PILSNER,408650405324,159,21.25,2020-01-30T21:31:02,2021-03-13T00:42:44
Frosty Bluff Lager,PORTER,615987193723,498,16.25,2024-08-19T22:01:18,2024-10-02T08:23:56
Bold Falcon Ale,SOUR,855622596463,19,16.1,2023-10-23T09:42:22,2024-06-25T13:24:01
Smooth Valley Pilsner,SOUR,782055233056,335,5.72,2021-01-06T06:15:00,2021-05-15T02:12:33
Golden Lion Stout,LAGER,000858666652,212,3.4,2024-05-24T00:37:27,2024-12-14T12:25:24
Crispy Lion Wheat,GOSE,980960960125,9,18.04,2021-04-26T22:45:40,2021-12-16T21:58:11
Cloudy Storm Lager,IPA,626182080251,330,17.63,2024-11-01T14:29:58,2024-12-03T18:47:26
Wild Storm Bock,PALE_ALE,134269710965,274,19.27,2020-08-26T12:52:30,2021-03-27T19:07:46
Wild Tiger Ale,PALE_ALE,714030730125,184,9.86,2022-02-07T00:04:07,2023-08-23T06:37:46
Crispy Coast Ale,SOUR,299340999420,246,18.09,2020-12-03T12:57:28,2023-11-28T00:22:56
Malty Forest Porter,LAGER,065597438918,468,7.83,2024-02-11T01:41:21,2024-04-10T09:34:59
Bold Falcon Stout,LAGER,988319163914,476,24.86,2022-02-17T05:58:05,2024-03-07T06:25:22
Bold Raven Bock,WHEAT,087780520107,358,18.3,2022-10-25T21:57:48,2024-10-31T05:18:21
Sweet Dragon Pilsner,STOUT,532837923933,62,5.93,2021-04-25T09:16:34,2023-06-03T22:13:43
Bitter Raven Wheat,PILSNER,763877457101,24,8.7,2021-08-31T12:58:00,2023-08-04T20:49:33
Bitter Forest Gose,ALE,481304308980,152,9.02,2024-02-24T14:16:51,2024-03-14T12:48:24
Hazy Mountain Bock,ALE,133972896309,29,6.22,2022-05-03T16:38:58,2022-10-26T12:09:05
Crispy Coast Gose,LAGER,020008696553,255,15.49,2021-12-19T18:00:23,2024-10-24T22:44:12
Dark Coast Porter,IPA,146635545231,323,7.19,2024-08-06T06:58:44,2024-08-07T14:38:08
Wild Bluff Lager,WHEAT,666613610386,240,3.39,2023-12-31T15:16:44,2024-03-17T13:32:19
Frosty Valley Bock,ALE,405059724767,191,15.67,2023-07-20T04:14:53,2024-11-10T20:43:52
Bold Bear Stout,PALE_ALE,086733246642,130,8.26,2022-12-18T16:43:19,2023-11-27T22:29:53
Amber Peak Stout,PORTER,987336439647,367,16.04,2023-09-23T01:15:16,2024-05-27T01:17:33
Bold Bluff Wheat,SOUR,683878030811,130,17.28,2021-07-01T18:34:07,2022-05-08T00:01:46
Hazy Mountain Sour,ALE,193141711941,223,10.52,2023-02-08T09:43:10,2023-11-30T08:07:06
Amber Forest Pilsner,IPA,022355673475,306,6.95,2022-08-03T16:53:17,2024-01-21T03:03:16
Rustic Storm Stout,GOSE,170026756402,407,21.3,2023-04-19T02:59:51,2024-04-23T10:38:38
Dark Storm Ale,LAGER,095615355858,289,13.68,2021-06-27T07:33:04,2021-12-20T16:33:37
Bright Raven Wheat,IPA,515494939524,345,13.33,2020-01-23T05:52:32,2023-03-08T23:51:16
Golden Lion Stout,ALE,053428557782,477,21.09,2020-08-27T16:03:51,2021-04-06T03:45:15
Dark Hawk Lager,GOSE,900545935094,129,8.02,2023-08-07T19:11:44,2024-03-02T01:19:36
Imperial Forest Sour,SOUR,528763756247,177,16.34,2023-04-21T19:53:19,2023-07-14T06:28:33
Bright Fox Sour,LAGER,798458013890,99,9.88,2023-04-08T04:35:20,2024-12-02T11:11:00
Malty Falcon Porter,GOSE,111717028620,289,14.18,2023-12-03T02:54:29,2024-06-25T04:43:39
Amber Storm Stout,GOSE,240764621044,327,6.0,2022-10-04T16:10:55,2023-02-27T15:48:53
Sweet Mountain Ale,ALE,476656279922,270,24.54,2022-05-07T12:49:03,2024-10-18T16:22:06
Dark Peak Sour,SOUR,573079648351,319,7.97,2024-03-07T05:09:35,2024-09-23T00:40:29
Amber Dragon Sour,LAGER,538244502250,1,21.9,2022-10-22T17:10:31,2023-07-08T20:53:22
Amber Mountain Gose,SOUR,147395186002,261,8.47,2021-04-11T09:17:54,2023-06-19T13:13:04
Frosty Bluff Bock,PORTER,774975751685,157,14.69,2020-07-08T21:16:47,2024-04-10T11:21:47
Golden Valley Porter,LAGER,035352106760,205,9.48,2024-05-02T23:02:30,2024-10-28T15:17:33
Dark Eagle Ale,LAGER,120175995351,38,6.66,2024-11-22T08:36:18,2024-12-29T18:09:15
Ancient Ridge Ale,PILSNER,963536439020,286,11.1,2023-11-27T11:18:15,2024-07-16T20:08:32
Bold Ridge Ale,ALE,448225018478,400,16.87,2020-11-06T12:07:53,2022-05-02T05:03:53
Golden Tiger Gose,PALE_ALE,281517869952,230,7.32,2022-10-14T07:10:55,2022-12-01T12:53:39
Dark Mountain Ale,PALE_ALE,758513080653,260,10.05,2022-06-30T22:59:16,2022-07-03T13:14:42
Hazy Tiger Gose,PORTER,854986696324,398,24.51,2020-08-24T21:01:39,2024-09-06T00:08:10
Rustic Mountain IPA,STOUT,494637014852,173,20.87,2023-04-25T16:11:19,2024-01-13T04:21:19
Ancient Eagle Stout,IPA,758107014246,63,12.47,2023-05-06T09:38:25,2024-07-26T20:09:46
Ancient Eagle Sour,STOUT,820694242923,338,11.32,2022-08-06T19:35:29,2024-03-13T10:18:49
Imperial Tiger Gose,IPA,442984390854,415,24.03,2024-10-18T08:35:19,2024-12-23T16:11:07
Golden Falcon Pilsner,STOUT,629098851334,395,10.59,2023-10-01T21:53:53,2023-12-07T04:52:02
Golden Bear Stout,WHEAT,960326645131,243,5.73,2023-07-30T05:06:34,2024-11-03T17:37:10
Rustic River Ale,IPA,533112626031,110,18.0,2023-03-21T00:04:52,2023-11-29T23:04:55
Frosty River Sour,LAGER,466190738999,213,21.08,2023-02-06T21:51:13,2023-12-08T10:12:53
Hoppy Mountain Sour,LAGER,905595351057,259,7.58,2021-04-10T09:33:55,2024-08-14T20:29:35
Hoppy Mountain Lager,IPA,790370482651,359,24.91,2022-01-25T12:50:22,2022-12-23T10:06:45
Ancient Hawk Stout,IPA,213370761128,248,21.04,2022-11-23T12:13:03,2023-10-12T13:40:00
Bitter Bluff IPA,GOSE,322510139911,81,4.1,2022-07-04T02:30:57,2024-08-15T20:09:35
Roasted Falcon Bock,PILSNER,222938057580,212,4.76,2024-10-10T16:10:45,2024-11-01T01:07:38
Hoppy Bluff Lager,STOUT,697575067728,107,8.24,2024-11-26T17:12:42,2024-12-11T16:39:08
Malty Ridge Stout,SOUR,829599050170,141,9.95,2022-11-11T08:40:59,2022-12-01T19:21:11
Dark Storm Porter,GOSE,614707802960,296,10.79,2022-12-14T06:26:09,2024-12-18T19:57:23
Bright Raven Stout,WHEAT,453638884094,142,7.62,2022-02-05T22:12:10,2024-09-02T20:14:49
Rustic Raven Stout,LAGER,430254387704,227,12.91,2024-10-08T00:46:42,2024-12-12T00:47:01
Hoppy Mountain Bock,WHEAT,085857011638,231,7.42,2023-03-25T05:42:07,2024-06-07T06:09:31
Hazy Creek Sour,SOUR,481270666290,315,23.77,2024-02-06T17:58:44,2024-06-01T05:43:01
Amber Eagle Wheat,GOSE,099961916038,169,24.47,2022-05-25T07:56:47,2024-03-10T19:04:52
Dark Eagle Lager,ALE,116983196234,451,18.02,2023-07-27T06:43:15,2023-09-26T18:57:18
Wild Mountain Ale,PORTER,727282047228,429,8.04,2022-10-14T00:13:32,2024-01-11T05:44:15
Amber Lion Porter,WHEAT,724874130786,237,5.44,2024-11-28T08:50:20,2024-11-30T13:25:22
Session Ridge Sour,STOUT,383718766858,313,12.99,2023-04-20T04:58:53,2023-06-11T23:21:53
Bold Storm Gose,ALE,006046267275,146,9.2,2020-06-26T02:44:51,2023-09-26T10:33:13
Hoppy Bluff Ale,STOUT,836122544266,50,6.36,2021-01-24T06:29:16,2021-12-07T00:44:18
Frosty Bear Stout,IPA,238404804804,215,23.43,2021-04-02T22:38:53,2022-01-18T00:15:22
Imperial Storm Pilsner,PALE_ALE,443618121982,283,14.81,2021-02-19T10:22:36,2022-01-27T00:58:50
Smooth Dragon IPA,WHEAT,400365895676,199,4.73,2023-12-23T19:24:27,2024-03-16T12:35:10
Malty Bear Bock,SOUR,696762085467,70,21.43,2020-06-10T09:58:37,2022-12-25T06:35:07
Bright Forest Ale,PILSNER,882512986414,379,18.23,2020-03-21T14:25:04,2021-01-04T01:30:01
Rustic Lion IPA,WHEAT,481153431543,256,14.14,2021-12-22T05:02:26,2023-09-09T17:44:38
Sweet Bear Pilsner,PILSNER,889827870240,265,3.04,2023-11-08T08:32:48,2024-07-14T03:07:58
Crispy Forest Pilsner,LAGER,951978007397,108,21.87,2024-01-05T15:49:24,2024-01-22T20:45:19
Amber Wolf Pilsner,PORTER,779704823270,68,10.25,2021-11-15T10:34:37,2022-04-11T02:52:32
Rustic Eagle Wheat,PORTER,959433223126,426,4.2,2021-06-18T16:24:36,2023-02-25T08:10:32
Smooth Peak IPA,STOUT,917724278020,201,9.15,2023-02-18T14:19:42,2024-05-02T17:12:43
Sweet Bluff Lager,IPA,849694767836,156,7.02,2023-07-01T04:44:49,2024-07-27T06:23:15
Bright Wolf Lager,GOSE,119555733164,8,19.03,2023-03-06T16:32:55,2024-06-06T06:04:35
Bright Valley Gose,LAGER,251847193034,90,17.47,2022-12-10T04:37:07,2023-06-03T22:22:05
Dark Coast Bock,SOUR,945006250579,246,16.62,2020-05-31T02:17:14,2020-08-16T19:12:41
Imperial Hawk Gose,IPA,593223589376,498,24.95,2022-05-04T23:57:10,2024-05-22T00:07:21
Hoppy Creek Stout,WHEAT,962935746658,181,16.44,2020-02-28T07:27:51,2020-10-25T13:49:08
Rustic Valley Stout,IPA,018765821387,199,8.05,2020-02-03T00:09:05,2023-12-30T16:07:37
Wild Fox Porter,LAGER,189584761718,223,13.08,2020-07-22T12:12:01,2021-02-05T20:49:29
Hazy Lion IPA,WHEAT,403279251661,24,14.87,2022-01-02T18:00:39,2022-07-20T13:27:34
Golden Storm Bock,LAGER,158506312966,198,13.81,2023-03-25T15:29:00,2023-07-06T17:41:15
Ancient Fox Lager,ALE,846704007401,173,14.4,2024-12-04T20:34:35,2024-12-11T17:17:35
Bright Tiger Stout,PORTER,230187975380,326,17.4,2023-02-04T06:53:58,2024-09-16T17:43:27
Amber River Pilsner,IPA,938743201925,212,9.55,2021-06-22T00:03:08,2022-01-04T19:11:40
Smooth Eagle Wheat,SOUR,347226970115,303,22.67,2021-02-16T06:33:14,2022-11-06T07:59:58
Amber Mountain Bock,PORTER,212222986959,75,13.88,2023-05-11T02:47:03,2024-06-26T09:02:20
Bitter Raven Lager,GOSE,061476125083,51,8.58,2021-08-22T06:23:18,2021-12-17T18:29:49
Bright Storm Lager,ALE,656092716950,23,14.73,2023-10-26T04:45:44,2023-12-09T03:25:18
Bold Storm Ale,IPA,596046866378,295,8.31,2022-11-10T15:06:09,2023-03-16T06:15:30
Bright Lion Porter,STOUT,104777878106,380,8.64,2022-12-09T00:20:15,2024-03-24T20:23:59
Hoppy Peak IPA,PALE_ALE,193412436329,373,17.31,2023-11-07T17:32:43,2024-10-23T09:52:30
Golden Eagle Stout,STOUT,991105894899,181,20.83,2024-08-19T16:26:09,2024-08-23T09:08:45
Sweet Eagle Pilsner,ALE,002951017093,392,24.72,2022-03-20T22:02:34,2023-02-15T03:12:09
Bright Tiger Porter,GOSE,254061723333,47,8.44,2022-04-29T09:39:20,2024-11-23T20:24:58
Roasted Wolf Porter,PALE_ALE,684767947302,107,6.37,2022-04-27T15:49:55,2023-10-22T14:22:34
Hazy Tiger Lager,PALE_ALE,036800179879,312,4.21,2024-03-05T10:00:15,2024-06-06T19:45:14
Bold Creek IPA,GOSE,535823340534,398,15.62,2024-07-11T03:19:03,2024-09-21T21:42:49
Bitter Dragon Pilsner,GOSE,812658772638,126,5.63,2020-05-15T07:02:57,2020-05-21T11:01:32
Rustic Ridge Ale,WHEAT,509272105089,102,24.15,2021-03-11T05:37:39,2022-06-26T19:39:57
Wild Wolf Pilsner,WHEAT,834307578181,400,12.08,2021-10-03T08:54:26,2024-10-28T03:37:35
Rustic Valley Lager,PILSNER,916929343594,157,18.38,2023-01-20T18:12:33,2024-11-05T12:06:20
Frosty Ridge Pilsner,IPA,941817518693,175,21.94,2022-11-01T12:43:21,2023-11-15T08:09:43
Hoppy Creek Porter,SOUR,142254427886,186,24.49,2020-10-29T07:01:36,2024-09-07T01:57:48
Bitter Storm Gose,WHEAT,821666465598,391,18.87,2020-02-27T05:20:58,2024-04-29T16:28:11
Cloudy Falcon Porter,IPA,835550274055,358,16.05,2023-02-06T23:44:12,2023-09-12T18:34:08
Hoppy Creek IPA,PALE_ALE,064256649441,250,4.59,2021-03-20T18:25:18,2023-07-28T02:30:13
Malty Tiger Pilsner,LAGER,746774923778,151,3.36,2021-07-04T10:20:39,2022-10-26T04:15:14
Roasted Tiger Stout,ALE,305785376943,232,10.56,2021-08-09T10:43:33,2022-02-17T19:35:29
Rustic Hawk Lager,PALE_ALE,010441833658,402,17.73,2021-11-12T12:43:35,2024-10-08T04:11:04
Malty Wolf Sour,PORTER,295604688430,395,11.01,2020-10-16T02:25:35,2022-08-08T08:30:45
Cloudy Lion Pilsner,STOUT,202208073192,414,5.58,2020-01-14T07:09:20,2022-12-14T14:49:12
Smooth Bluff Bock,SOUR,855186776645,86,11.62,2020-08-07T02:52:42,2024-03-28T12:51:55
Session Creek Pilsner,LAGER,845171731992,266,19.52,2023-06-09T10:49:54,2024-04-27T22:12:09
Sweet Peak Ale,PORTER,409822792699,444,6.83,2020-12-02T22:13:44,2021-07-08T05:38:57
Wild River Stout,PILSNER,840857559059,75,7.96,2024-07-08T04:36:31,2024-11-17T02:01:39
Bright Valley Lager,PALE_ALE,718940227308,296,5.17,2024-11-07T22:14:37,2024-11-25T06:58:10
Hoppy River Stout,PILSNER,462094763104,3,19.46,2023-08-16T00:35:35,2024-12-23T21:53:00
Hazy Coast Sour,GOSE,515043020693,71,23.94,2021-03-25T00:01:45,2021-11-28T03:56:55
Hoppy Dragon Wheat,WHEAT,133766532436,214,3.35,2020-04-25T02:04:36,2024-10-15T01:12:44
Roasted Dragon Pilsner,PORTER,134347205340,104,16.86,2020-08-19T22:34:56,2022-09-06T23:13:47
Amber Peak Porter,LAGER,226227000716,131,21.47,2024-06-02T11:55:54,2024-11-24T14:57:52
Hoppy Hawk Ale,PALE_ALE,994273760287,319,24.97,2024-02-20T16:49:19,2024-09-28T15:30:35
Hoppy Creek Lager,WHEAT,520464713016,76,22.18,2022-04-20T20:36:27,2023-11-07T22:47:28
Dark Dragon IPA,SOUR,989176538992,116,8.25,2024-09-30T00:04:00,2024-11-12T03:03:36
Crispy River Bock,GOSE,787059860757,250,5.02,2023-07-22T04:08:38,2024-11-27T21:23:14
Bright Valley IPA,SOUR,563797768884,273,5.66,2023-06-04T11:18:54,2023-06-08T02:21:22
Golden Falcon Sour,IPA,362160377020,28,4.25,2022-10-20T18:43:22,2023-08-22T21:10:32
Roasted Lion Ale,IPA,187375707619,214,23.01,2021-12-20T03:44:45,2024-04-02T03:26:29
Bold Forest Pilsner,SOUR,014865702367,432,24.83,2023-02-12T16:53:40,2023-04-17T01:52:16
Wild Tiger Pilsner,PILSNER,233514537588,360,21.45,2020-10-01T18:26:26,2024-10-01T05:34:48
Sweet Lion Lager,PORTER,824905803810,46,14.13,2021-02-26T07:06:24,2024-03-25T01:56:01
Rustic Creek Bock,PALE_ALE,059103260909,252,10.71,2022-09-23T13:48:38,2023-03-18T19:40:45
Crispy Peak Sour,STOUT,419398110320,474,5.22,2022-08-17T03:30:42,2023-11-10T00:14:01
Wild Falcon Porter,WHEAT,428468490124,267,24.6,2024-09-10T19:12:59,2024-10-09T10:29:24
Hoppy Raven Bock,LAGER,185545744084,15,20.85,2020-09-05T04:15:20,2024-08-19T10:48:11
Bold Tiger Gose,STOUT,723959830708,238,19.51,2024-05-20T02:59:01,2024-07-01T18:13:08
Hazy Lion Ale,GOSE,453031039915,168,18.55,2023-10-24T17:53:51,2024-07-19T02:56:13
Smooth Raven Gose,PORTER,399833427197,44,16.59,2020-02-18T07:27:57,2023-07-30T18:22:12
Bitter Coast Bock,SOUR,921089663806,64,24.44,2024-04-27T04:06:52,2024-12-13T01:08:39
Imperial Mountain Sour,PALE_ALE,297557342791,460,17.34,2021-02-09T05:30:48,2024-01-29T09:14:59
Rustic Valley Pilsner,WHEAT,670652061295,205,16.49,2022-05-27T15:38:24,2024-09-23T14:35:04
Dark Bluff Bock,PORTER,451433156268,339,5.58,2021-12-01T00:35:45,2024-08-29T05:53:05
Cloudy Raven IPA,ALE,800911192812,24,13.27,2022-04-11T01:06:40,2023-07-13T07:30:56
Cloudy Lion Gose,WHEAT,341475964249,29,13.75,2022-10-15T07:15:09,2023-12-09T21:46:34
Wild Peak Porter,SOUR,354105613520,369,20.49,2021-11-28T05:23:22,2023-10-27T02:48:38
Dark Mountain Pilsner,LAGER,485928904512,220,12.15,2021-11-04T20:36:03,2024-05-26T10:42:15
Amber Dragon Stout,PORTER,304045479470,211,24.3,2022-12-08T10:56:23,2023-08-06T22:54:14
Cloudy Ridge Stout,WHEAT,694745207724,143,16.51,2020-02-10T16:04:30,2023-06-11T02:05:30
Dark Raven Porter,IPA,373758284805,248,12.45,2023-08-31T01:53:22,2024-02-25T13:30:57
Malty Mountain Stout,ALE,584840074448,102,11.84,2021-12-28T00:59:28,2024-02-20T01:13:47
Sweet Eagle Stout,LAGER,053127116277,471,4.99,2022-12-30T01:27:31,2023-04-19T19:21:04
Sweet Bear Bock,GOSE,206586211490,217,17.2,2022-09-10T05:38:40,2023-04-01T18:20:22
Dark Storm Lager,ALE,867154519574,1,10.54,2023-10-26T07:52:04,2024-10-25T21:40:51
Hazy Storm Lager,WHEAT,087188930704,450,7.7,2022-02-18T05:04:18,2024-06-22T14:39:27
Wild Ridge Ale,LAGER,480512828326,345,12.58,2020-09-21T20:40:41,2023-12-24T21:02:53
Hoppy River Ale,PORTER,139921181245,448,22.71,2023-11-07T20:21:18,2024-08-30T17:10:30
Smooth Bear IPA,SOUR,839951670278,299,18.33,2021-05-08T08:32:21,2022-01-28T19:53:15
Cloudy Forest Pilsner,IPA,282368094740,69,21.75,2020-03-25T23:48:44,2024-05-07T00:08:36
Roasted Wolf Sour,SOUR,802368685206,468,22.39,2023-05-02T01:15:38,2024-02-22T04:51:59
Rustic Mountain Sour,STOUT,307361683437,110,13.81,2024-07-23T18:25:42,2024-11-02T00:20:55
Session Fox Wheat,GOSE,606148831565,20,22.32,2020-11-26T16:23:44,2021-08-20T23:02:22
Cloudy River Wheat,LAGER,951301090653,106,5.26,2024-09-23T14:24:08,2024-12-15T02:07:16
Cloudy Peak Lager,PORTER,986744853228,410,4.77,2023-09-04T23:27:45,2024-01-11T23:32:52
Amber Valley Wheat,IPA,002034588014,111,16.25,2024-03-23T05:57:25,2024-12-24T23:10:14
Hoppy Dragon Bock,SOUR,055040902718,218,16.8,2020-05-07T01:23:04,2021-03-03T03:28:50
Wild Raven Sour,WHEAT,945820259721,190,20.01,2021-02-10T03:45:00,2022-06-26T16:33:09
Bold Raven Ale,GOSE,845022312957,55,22.45,2020-05-01T09:55:54,2022-12-02T18:08:22
Wild Fox Gose,PALE_ALE,524335455067,311,10.96,2021-08-07T03:18:31,2022-06-23T04:25:47
Frosty Ridge Gose,IPA,482678085331,428,16.04,2023-08-15T14:18:14,2023-12-13T16:06:45
Frosty Bluff Ale,SOUR,423611221053,431,19.51,2024-03-03T10:59:58,2024-11-02T10:30:43
Dark Bluff Wheat,PALE_ALE,775257045851,326,24.95,2020-12-24T11:13:24,2023-09-28T13:51:43
Bold Valley Sour,IPA,583145421183,288,3.24,2023-10-11T14:59:41,2023-10-18T02:04:25
Roasted Raven Porter,WHEAT,171907774207,416,14.88,2020-12-20T11:39:08,2024-08-26T10:46:58
Hoppy Dragon Porter,WHEAT,339326764453,59,12.59,2022-10-03T17:21:26,2024-04-01T04:41:00
Sweet Raven Porter,SOUR,561809421869,328,11.6,2021-09-20T16:12:29,2023-12-05T10:17:01
Smooth Forest Lager,GOSE,185876751323,26,13.86,2021-05-20T11:02:33,2024-07-27T03:51:03
Crispy Forest IPA,GOSE,084379095906,468,16.69,2024-11-19T09:26:01,2024-12-05T13:04:37
Ancient Fox Pilsner,LAGER,935765940537,0,18.71,2021-12-17T08:33:07,2024-06-13T11:34:07
Cloudy Wolf Porter,PALE_ALE,053502041029,109,16.74,2023-01-12T12:21:13,2024-11-04T17:23:42
Golden River Bock,PORTER,342032370851,47,9.33,2024-07-21T21:58:47,2024-08-30T05:17:43
Roasted Bear Stout,GOSE,919558562528,348,10.69,2023-09-14T16:39:55,2024-06-04T14:34:16
Dark Lion Stout,IPA,690394006688,483,9.02,2024-02-26T15:15:22,2024-11-17T00:32:25
Hazy Dragon Wheat,IPA,704492839167,276,11.46,2022-07-24T12:52:55,2022-08-15T18:53:34
Imperial Dragon Pilsner,IPA,641155252462,54,10.47,2023-12-23T01:40:37,2024-07-28T03:40:33
Amber Bluff IPA,PILSNER,254341810130,461,19.26,2024-04-21T04:53:49,2024-05-27T16:37:58
Cloudy Raven Porter,PILSNER,562458896001,172,14.91,2020-10-10T23:19:06,2022-09-03T09:39:30
Hazy Creek Bock,SOUR,647181496975,445,19.02,2022-04-25T14:17:34,2022-11-01T05:54:46
Sweet Raven Porter,GOSE,905161344274,272,9.27,2023-05-23T03:05:00,2024-05-05T02:17:08
Crispy Peak Pilsner,ALE,471020005114,182,19.08,2023-08-21T04:24:33,2024-08-07T21:30:09
Hoppy Tiger IPA,IPA,256782575940,468,20.08,2024-03-05T13:53:06,2024-03-13T01:49:03
Roasted Mountain Bock,LAGER,503623214488,47,19.54,2021-07-13T18:36:08,2023-01-02T12:49:44
Rustic Eagle Gose,STOUT,200029769352,243,24.22,2023-05-26T11:52:34,2024-12-21T15:10:39
Cloudy Bluff Wheat,IPA,810218758844,116,19.43,2022-10-09T22:46:04,2023-01-19T18:28:29
Crispy Coast Sour,WHEAT,179648728949,433,20.15,2023-03-28T18:22:21,2024-12-26T22:03:33
Cloudy Raven Sour,PALE_ALE,185213876442,193,22.26,2023-08-02T17:12:00,2024-03-19T01:56:33
Wild Fox Gose,PALE_ALE,868598229181,70,9.93,2021-06-07T19:35:19,2023-03-23T20:28:51
Cloudy Storm Ale,GOSE,990064223863,409,16.96,2021-05-11T23:42:20,2024-08-18T19:02:03
Rustic Hawk Lager,STOUT,348445140420,254,19.47,2020-06-19T12:54:51,2024-04-17T23:11:24
Bitter Bluff Bock,PALE_ALE,971196722306,417,13.66,2021-10-11T01:36:41,2021-12-06T12:26:32
Rustic Peak Ale,WHEAT,237219659124,442,7.66,2020-07-19T22:12:35,2022-01-22T16:12:26
Rustic Fox IPA,ALE,883870159250,383,21.47,2022-09-14T00:59:47,2024-02-17T14:23:56
Session Ridge Wheat,IPA,143126816786,463,24.52,2021-04-25T08:42:14,2022-07-05T14:20:01
Hoppy Lion Lager,PILSNER,094910939109,214,6.33,2020-04-03T08:28:38,2020-10-13T00:39:25
Amber Eagle Stout,PILSNER,660882523879,459,9.0,2020-11-10T11:59:42,2023-02-03T22:49:13
Wild Tiger Bock,PORTER,520581922494,12,23.69,2021-12-14T02:01:50,2024-08-01T14:41:39
Smooth Lion Pilsner,IPA,778889612725,348,20.21,2020-08-23T14:57:31,2024-08-13T19:31:52
Ancient Wolf Wheat,PORTER,722155087233,363,8.19,2022-03-17T13:58:02,2024-12-09T05:57:51
Rustic Dragon Gose,PILSNER,047926877322,80,15.72,2020-02-27T18:45:12,2020-12-30T12:04:44
Imperial Coast Ale,ALE,048422796354,180,24.95,2024-02-28T04:40:35,2024-05-22T16:53:32
Roasted Coast Porter,PILSNER,033299069365,41,24.03,2024-05-10T10:30:44,2024-08-09T08:55:22
Rustic Ridge Gose,PORTER,379810923383,176,5.26,2023-06-18T17:23:19,2024-11-17T20:59:12
Dark Peak Gose,LAGER,575533839737,130,22.49,2024-08-21T23:06:20,2024-11-23T18:38:17
Frosty River Lager,PALE_ALE,456288363042,418,21.38,2021-02-11T03:29:38,2023-03-14T16:01:40
Frosty Eagle Stout,IPA,955878573704,362,9.68,2024-09-06T19:54:53,2024-10-22T23:06:36
Ancient Bluff Porter,PORTER,292391695220,57,8.07,2023-10-23T10:00:37,2024-03-01T14:04:25
Sweet Fox Wheat,PILSNER,179892033863,19,13.73,2021-11-16T14:17:59,2024-12-08T12:04:44
Crispy Ridge Lager,PORTER,131646624528,134,24.35,2021-02-06T20:54:38,2024-03-03T11:11:41
Cloudy Falcon Porter,WHEAT,991733080504,439,8.74,2020-11-21T12:30:01,2022-09-19T08:30:33
Bold Valley Ale,SOUR,732503311058,114,21.39,2022-02-21T13:36:37,2022-10-13T16:24:10
Wild Valley Ale,IPA,218178711821,199,24.04,2022-09-12T01:12:12,2023-08-23T18:06:32
Bright Ridge Porter,PALE_ALE,284738261452,445,3.1,2020-01-21T20:28:47,2024-11-09T18:29:02
Ancient Tiger Porter,STOUT,637661451830,200,14.27,2021-08-27T23:46:05,2024-12-12T08:05:37
Smooth Forest Gose,SOUR,460644342414,386,20.88,2021-08-11T12:45:50,2023-08-23T02:38:47
Crispy Storm Stout,PILSNER,843364647158,463,16.41,2023-05-27T22:20:08,2023-11-25T18:59:20
Ancient Hawk IPA,STOUT,723339422438,488,16.85,2020-12-22T06:42:01,2024-12-02T23:59:11
Wild Wolf Lager,PILSNER,913348882169,44,17.91,2023-11-13T22:14:52,2024-03-31T09:05:32
Amber Peak Pilsner,PALE_ALE,008177954193,141,7.98,2023-09-06T14:23:17,2023-10-23T10:02:05
Rustic Hawk Lager,GOSE,726467443674,390,14.6,2021-05-25T23:09:21,2022-02-15T21:22:01
Hazy Forest Stout,PALE_ALE,310915277272,391,7.49,2024-05-09T13:07:16,2024-07-10T07:14:21
Bitter Peak Sour,LAGER,704732477637,65,7.86,2022-09-22T00:42:47,2024-07-18T11:45:51
Smooth Fox Sour,PORTER,023458987483,5,20.26,2022-12-09T17:29:10,2024-01-11T10:00:52
Bitter Bluff Gose,ALE,444684556360,4,10.04,2022-05-10T22:29:04,2022-08-23T21:08:19
Hoppy Hawk Ale,WHEAT,865828053516,475,18.9,2021-07-06T19:42:05,2022-03-20T08:26:36
Bitter River IPA,WHEAT,130952850036,229,10.92,2020-04-29T15:34:40,2024-04-21T20:54:47
Amber Coast Bock,GOSE,888244237092,267,23.46,2020-07-31T22:33:46,2020-10-20T21:22:00
Golden Forest Porter,WHEAT,155532846464,305,5.36,2022-04-30T09:01:34,2024-04-07T16:33:35
Crispy Dragon Gose,PORTER,723464638425,179,7.12,2022-03-05T13:24:35,2023-10-01T07:42:48
Wild Fox IPA,ALE,963868474407,223,12.61,2024-05-03T09:10:59,2024-09-21T21:19:53
Bright Bear Wheat,IPA,679543623920,431,14.03,2021-01-01T23:05:43,2022-06-21T19:16:13
Sweet Raven Gose,STOUT,952886134691,258,11.95,2020-05-30T15:56:16,2021-04-22T01:21:40
Rustic Coast Lager,IPA,743226069554,450,12.95,2020-03-16T22:45:58,2023-11-05T14:12:48
Smooth Dragon Pilsner,PALE_ALE,217605517085,165,3.83,2024-11-30T06:42:21,2024-12-19T05:40:28
Bright Storm Gose,LAGER,040362617943,309,13.44,2024-10-01T14:53:04,2024-10-14T23:11:05
Cloudy Peak Stout,LAGER,343162857038,380,17.86,2023-07-31T16:31:15,2023-10-18T03:55:05
Frosty Coast IPA,PILSNER,186476267453,36,4.56,2023-07-27T21:32:44,2024-03-17T13:27:51
Bright Wolf Pilsner,LAGER,949836160042,181,20.09,2021-04-06T10:24:02,2024-04-06T08:18:27
Cloudy Tiger Pilsner,IPA,637760819431,436,3.57,2024-10-09T23:47:09,2024-11-14T01:30:47
Hoppy Ridge Bock,STOUT,799343048065,230,9.44,2024-05-09T00:25:45,2024-07-02T01:35:16
Smooth Peak IPA,PORTER,891834307185,179,11.7,2021-06-28T21:09:31,2023-06-24T00:12:55
Roasted Tiger Porter,WHEAT,906767006500,9,15.55,2020-10-28T05:54:57,2021-02-15T23:41:49
Rustic Fox Bock,ALE,221993829529,214,16.25,2024-10-14T08:18:16,2024-12-02T21:40:34
Bitter Valley IPA,PALE_ALE,682321093153,19,17.83,2024-09-01T22:00:39,2024-10-16T16:04:35
Hazy Peak Lager,IPA,974457647595,54,12.92,2020-12-01T10:56:22,2021-09-17T10:17:15
Bitter Creek Gose,PORTER,678736796354,466,15.39,2020-07-22T13:59:21,2023-10-01T13:49:01
Roasted River Lager,PORTER,301030994606,165,24.7,2021-04-30T10:31:09,2023-01-13T02:07:54
Malty Peak Porter,GOSE,793651471102,360,13.61,2021-01-12T14:54:22,2021-04-10T01:59:43
Frosty Tiger Stout,PORTER,788948169513,172,4.04,2020-10-27T11:04:29,2023-02-24T19:52:13
Roasted Storm Pilsner,STOUT,269411313771,76,16.09,2024-04-20T17:40:16,2024-05-07T13:45:10
Hoppy Forest IPA,PALE_ALE,549760253352,99,4.24,2022-12-30T13:39:10,2024-01-24T21:18:10
Bitter Storm Stout,PALE_ALE,668139138655,59,24.05,2020-06-26T03:31:12,2022-09-07T22:06:54
Session Forest Porter,WHEAT,221868638200,496,10.98,2020-07-12T09:07:08,2021-10-31T13:55:20
Rustic Bear Gose,ALE,700984027498,55,15.95,2023-12-02T11:00:20,2024-03-14T13:11:42
Crispy Raven Bock,STOUT,453834748112,140,6.5,2024-12-04T03:08:40,2024-12-18T10:55:04
Smooth Coast Stout,SOUR,872561206287,214,14.41,2021-06-24T15:40:10,2024-08-08T10:54:23
Hazy River Bock,PORTER,013766197903,219,21.26,2023-12-08T23:07:24,2024-10-14T05:40:17
Roasted Lion Sour,PALE_ALE,722268070095,311,24.78,2024-12-22T13:06:53,2024-12-28T14:18:14
Ancient Fox Bock,PORTER,108077970782,343,24.28,2021-03-08T06:21:24,2022-11-11T14:49:07
Dark Tiger Wheat,PILSNER,624345832711,6,20.07,2023-04-27T22:17:02,2024-08-05T15:33:34
Imperial Bear Ale,PILSNER,296588172622,89,17.03,2022-12-22T22:38:21,2023-10-06T02:07:45
Malty Mountain Lager,GOSE,484950176146,272,21.48,2024-05-17T15:00:06,2024-10-22T02:12:56
Hoppy Raven Stout,ALE,580618446499,248,11.31,2024-03-31T00:40:38,2024-09-07T10:33:39
Smooth Wolf Gose,STOUT,672796393580,285,23.52,2024-02-28T01:58:59,2024-09-02T07:29:40
Frosty Fox Sour,IPA,534516738643,196,24.57,2024-02-27T11:43:46,2024-06-23T19:11:03
Hoppy Coast Lager,WHEAT,949603260236,145,17.05,2024-12-16T04:37:01,2024-12-19T08:50:36
Smooth Ridge Gose,LAGER,999095070838,38,10.74,2022-12-30T17:14:59,2024-11-19T09:49:54
Amber Storm IPA,ALE,034276831255,158,6.05,2023-05-12T03:19:33,2024-08-14T13:20:36
Wild Eagle Wheat,SOUR,748838168273,99,13.41,2020-01-06T00:36:39,2024-12-07T07:14:57
Bright Falcon Ale,PALE_ALE,579358381145,290,5.85,2023-02-15T05:48:27,2024-06-17T08:27:13
Hoppy Forest Stout,PALE_ALE,531555517561,84,5.69,2024-09-19T10:59:12,2024-12-04T21:08:47
Smooth Peak Bock,STOUT,527966706789,78,14.24,2022-11-19T22:37:08,2024-12-12T00:38:53
Bold Creek Stout,WHEAT,370862374897,15,9.11,2020-09-12T23:14:03,2022-08-04T05:41:31
Hazy Dragon Pilsner,GOSE,948055458448,190,16.95,2023-08-13T14:11:14,2023-10-17T19:45:42
Amber Tiger Pilsner,ALE,871601091828,103,9.11,2023-11-06T14:43:38,2024-03-01T03:32:57
Ancient River Ale,PORTER,158887117120,34,15.18,2021-01-30T01:12:51,2023-02-10T04:36:36
Rustic Storm Bock,GOSE,241829654975,358,6.31,2024-04-09T16:09:13,2024-12-26T08:08:24
Crispy River Bock,PORTER,946727075555,405,4.84,2024-04-19T08:17:45,2024-12-13T08:30:29
Hazy Valley Gose,IPA,069735881281,39,21.86,2023-08-23T03:21:38,2024-03-31T07:51:47
Smooth Eagle IPA,WHEAT,190047331327,385,10.71,2020-01-31T01:33:34,2024-07-01T18:27:32
Frosty Storm Wheat,PORTER,726722926670,75,6.65,2024-03-19T03:45:55,2024-10-05T11:09:05
Session Raven Pilsner,PORTER,196180331509,279,21.24,2021-02-04T05:59:42,2024-03-15T13:07:46
Dark Dragon Gose,PILSNER,448013947975,310,4.07,2021-02-28T20:55:48,2021-12-13T11:24:00
Bitter Creek Wheat,STOUT,064845928579,428,24.15,2022-05-14T14:39:13,2023-04-18T03:54:46
Crispy Wolf Stout,WHEAT,263682902350,489,15.71,2021-06-03T09:33:59,2021-10-12T12:28:50
Smooth Raven Gose,LAGER,547812075423,253,17.04,2021-05-28T00:38:40,2022-09-13T05:01:13
Crispy Falcon Stout,LAGER,325923714179,104,16.06,2021-02-11T21:49:30,2023-01-22T03:35:37
Bold Tiger Pilsner,PALE_ALE,247526092531,48,9.29,2020-07-24T13:21:45,2022-12-11T14:10:56
Hazy Storm Pilsner,GOSE,851073719776,114,4.76,2024-11-11T13:47:05,2024-12-03T08:34:06
Hoppy Bear Gose,PILSNER,096631014326,66,9.83,2020-04-24T14:51:59,2022-09-05T03:17:35
Bold Wolf Sour,PILSNER,884660193498,486,7.21,2022-02-24T00:17:40,2024-02-06T14:51:30
Hazy Mountain Gose,IPA,789712594752,453,11.42,2021-09-09T17:30:04,2023-04-07T11:11:40
Ancient Creek Lager,IPA,281882600781,462,6.1,2022-10-24T16:00:43,2022-10-26T04:59:00
Ancient Bear Porter,IPA,102209920402,255,15.95,2024-11-17T07:31:02,2024-12-07T02:10:15
Hoppy Coast Wheat,LAGER,883266421331,262,21.03,2021-06-23T10:13:33,2022-02-02T00:00:37
Hazy Hawk Gose,WHEAT,215748777411,133,13.19,2020-12-27T18:14:00,2021-07-30T05:42:59
Bright Bear Porter,WHEAT,212684707622,28,13.91,2022-10-08T17:14:55,2023-10-23T20:35:10
Hoppy Peak Stout,PORTER,577903360611,64,5.97,2021-01-22T06:02:45,2022-08-08T14:59:01
Cloudy Dragon Lager,PALE_ALE,003684053367,456,5.06,2021-09-20T08:55:57,2024-12-13T19:08:06
Wild Hawk Lager,GOSE,096069051154,469,11.89,2021-05-11T04:48:45,2024-12-27T09:48:08
Smooth Storm Porter,WHEAT,669588189330,210,8.64,2021-01-10T21:47:24,2024-09-25T23:07:34
Golden Forest Porter,WHEAT,240086541784,220,7.89,2024-02-02T20:37:53,2024-08-19T18:29:55
Bold Forest Pilsner,ALE,050771314519,36,11.78,2020-02-06T11:55:23,2022-09-01T20:15:36
Bitter Peak Pilsner,WHEAT,424127935850,460,9.06,2023-03-06T03:52:51,2023-09-29T03:51:09
Bitter Creek Sour,STOUT,972797630880,102,13.49,2022-05-18T13:57:00,2022-10-06T23:08:45
Imperial Bluff Ale,PALE_ALE,141028615756,282,4.43,2022-07-10T10:20:05,2023-06-18T23:40:05
Wild Hawk Stout,PORTER,136387117842,141,17.32,2022-08-24T21:36:35,2023-10-05T18:06:56
Roasted Dragon IPA,GOSE,166851363215,187,24.2,2020-06-11T11:55:47,2021-02-05T20:42:29
Malty Bear Sour,ALE,543654350787,414,21.5,2023-08-09T06:18:01,2024-01-13T17:41:06
Wild Lion Porter,IPA,744076327921,271,14.26,2020-01-14T22:35:46,2021-01-10T22:54:31
Frosty Bluff Stout,ALE,342651993441,390,5.69,2024-03-13T22:21:09,2024-11-27T18:05:30
Session Raven Pilsner,STOUT,882615085725,366,19.73,2021-02-16T11:35:55,2023-03-06T13:57:13
Sweet Tiger Pilsner,PILSNER,302158557417,96,14.32,2024-01-01T04:34:41,2024-09-26T14:20:45
Bright River Gose,WHEAT,680688966160,271,14.18,2021-07-19T12:58:20,2021-09-27T18:41:37
Bright Hawk Sour,SOUR,815578025373,134,9.56,2020-07-22T12:51:32,2022-01-31T13:33:11
Imperial River Sour,SOUR,672893624451,483,16.41,2024-04-06T06:52:13,2024-04-29T00:29:29
Malty Coast Stout,ALE,402518119492,359,9.23,2024-05-25T19:33:15,2024-05-30T00:17:25
Malty Raven Bock,GOSE,363468032635,282,11.37,2023-01-23T11:59:33,2024-02-02T03:05:22
Wild Ridge Pilsner,LAGER,237577781387,150,7.98,2021-01-19T15:03:45,2022-12-06T18:42:14
Imperial Falcon Sour,WHEAT,748903162031,309,13.06,2023-10-20T20:06:22,2024-03-25T19:30:31
Crispy Eagle Stout,LAGER,024501683651,494,23.91,2020-08-05T22:27:06,2021-08-11T16:49:48
Bright Raven IPA,STOUT,759063204054,262,15.03,2024-01-07T11:17:57,2024-11-30T20:47:20
Golden Tiger Stout,SOUR,909504217491,381,13.62,2024-08-16T17:50:20,2024-12-11T10:22:46
Bitter Raven Ale,PALE_ALE,780013416596,396,18.35,2020-03-16T10:37:21,2024-07-12T02:30:23
Smooth Mountain Porter,SOUR,703839910612,14,5.83,2022-10-26T03:56:55,2024-11-26T21:58:21
Wild Bluff Wheat,PILSNER,728147468014,119,12.18,2022-09-09T23:58:45,2024-09-04T07:58:44
Dark Coast Porter,PALE_ALE,461828872017,170,13.97,2023-02-20T15:20:32,2024-04-29T09:26:11
Cloudy Valley Bock,SOUR,320622983278,305,14.26,2022-06-28T10:58:44,2023-02-12T14:27:32
Smooth Fox Pilsner,ALE,592608754056,485,13.95,2024-09-14T20:31:12,2024-11-01T19:22:06
Sweet Wolf Gose,LAGER,121211880435,59,7.01,2020-04-15T14:46:21,2023-12-27T20:34:32
Bold Lion Bock,PILSNER,840453208815,498,3.78,2020-06-23T08:46:41,2024-05-26T10:50:09
Rustic Fox Pilsner,IPA,649475044338,382,16.29,2021-06-07T03:36:29,2024-02-05T20:25:25
Hoppy Hawk Gose,SOUR,688390655301,392,11.59,2020-10-13T16:33:18,2021-11-25T11:16:19
Rustic River Lager,IPA,625257239592,207,19.29,2021-07-02T00:02:24,2024-09-07T18:18:13
Smooth Wolf Lager,WHEAT,949739154345,313,20.45,2020-03-05T07:39:18,2024-09-17T01:53:18
Roasted Peak Stout,WHEAT,242355072737,376,19.89,2024-10-26T00:20:25,2024-12-19T07:11:34
Dark Tiger IPA,LAGER,812745769739,80,18.9,2020-10-15T08:41:29,2023-07-22T23:48:59
Hoppy Dragon IPA,PALE_ALE,372678572837,161,15.66,2022-11-18T14:26:25,2022-12-09T16:07:48
Session Forest Bock,PORTER,684187795482,415,24.37,2024-07-12T14:18:49,2024-09-10T13:16:16
Imperial Fox Porter,IPA,838711675171,378,22.43,2022-07-08T10:56:02,2023-02-04T21:09:51
Sweet Mountain Stout,PALE_ALE,559822650266,143,12.02,2022-09-18T23:03:48,2024-03-30T06:06:00
Malty Creek Pilsner,PALE_ALE,179049202552,222,17.81,2023-02-09T08:39:13,2024-11-16T10:57:11
Imperial Hawk Sour,LAGER,645163567943,23,10.52,2022-03-11T12:41:12,2024-07-21T21:23:28
Bold Storm IPA,STOUT,843090699216,411,13.19,2021-11-27T11:30:56,2022-11-11T14:33:28
Bright Lion IPA,STOUT,986462712870,215,8.6,2024-09-23T13:23:52,2024-11-26T05:49:20
Sweet Ridge Pilsner,LAGER,968869286635,488,24.0,2022-06-03T22:31:02,2024-03-18T21:37:14
Wild Fox Gose,WHEAT,095078551194,249,23.36,2024-10-10T20:07:40,2024-12-11T16:18:16
Rustic Storm IPA,LAGER,515619204962,229,5.35,2020-02-26T23:24:48,2024-07-03T02:40:18
Ancient Storm Wheat,SOUR,168534885404,473,15.38,2023-04-10T15:42:07,2024-01-14T14:33:08
Wild Raven IPA,SOUR,203539747458,330,24.6,2024-12-12T20:29:51,2024-12-21T22:57:27
Rustic Eagle Bock,PALE_ALE,227618457135,382,21.84,2024-05-31T08:49:28,2024-11-24T02:48:19
Dark Creek IPA,PORTER,733322445048,167,20.78,2023-11-10T13:16:25,2023-12-07T15:21:59
Smooth Lion Porter,PALE_ALE,565516413984,67,23.49,2021-01-24T15:02:48,2021-04-21T06:10:29
Cloudy Creek Stout,IPA,384463005367,273,4.89,2023-08-07T10:46:16,2024-02-12T18:49:29
Bitter Peak Lager,WHEAT,796538735407,15,16.72,2023-08-06T22:03:30,2023-08-24T14:43:20
Cloudy Peak Sour,LAGER,814486202429,335,13.69,2023-08-01T23:05:21,2024-06-07T21:40:38
Crispy Tiger Bock,SOUR,834333396419,463,5.55,2020-01-31T12:48:38,2020-05-03T14:00:24
Roasted Hawk Bock,ALE,023560553223,30,13.93,2020-03-15T12:23:15,2023-03-21T20:13:01
Malty Dragon Lager,PORTER,754427481024,319,14.1,2024-02-12T15:41:48,2024-11-14T13:55:18
Hoppy Eagle Sour,LAGER,292860395904,331,24.21,2021-04-01T18:31:18,2022-06-12T04:19:18
Bold Raven Lager,ALE,139582179200,401,5.94,2024-02-20T23:31:57,2024-06-07T10:50:46
Cloudy Tiger Ale,GOSE,527964165774,236,8.95,2020-10-26T21:13:09,2021-10-08T03:43:09
Cloudy Lion IPA,PILSNER,243310538961,126,9.78,2021-04-07T16:18:20,2024-06-04T03:50:53
Bold Dragon Gose,STOUT,117899119175,375,19.01,2022-07-15T00:56:44,2022-12-15T05:37:09
Dark Wolf IPA,PILSNER,491031978498,331,22.57,2024-06-21T02:51:53,2024-08-10T03:38:26
Frosty Forest Sour,GOSE,093463019071,35,12.03,2021-03-09T20:30:17,2023-01-05T04:17:23
Imperial River Bock,GOSE,191460369946,452,22.51,2022-09-29T00:58:22,2022-11-30T03:12:32
Golden Dragon Stout,LAGER,494961468531,247,13.16,2023-08-16T17:26:00,2024-04-22T09:17:28
Hazy Lion Pilsner,SOUR,208595790198,241,24.3,2021-05-28T12:24:37,2024-08-02T17:35:03
Imperial Storm IPA,SOUR,328781854547,80,9.85,2022-02-19T07:03:02,2022-08-17T11:09:18
Malty Bear Bock,IPA,292514645246,489,24.6,2020-08-31T18:55:01,2024-07-05T20:57:34
Malty Peak Sour,LAGER,088228071599,355,21.59,2024-08-08T21:30:48,2024-08-13T03:18:49
Cloudy Raven Bock,PILSNER,282798801372,264,21.04,2024-11-14T18:39:55,2024-11-26T21:08:48
Bold Peak Pilsner,SOUR,484515674671,264,13.1,2020-03-02T05:51:43,2021-12-16T07:52:11
Hazy Fox Pilsner,PILSNER,034293914625,136,19.1,2021-04-27T19:58:24,2024-08-26T10:39:04
Amber Creek IPA,STOUT,938700726634,217,7.83,2024-07-14T21:35:12,2024-12-01T07:22:21
Bright Forest Stout,PALE_ALE,374991646838,337,8.91,2021-10-13T05:53:25,2023-12-31T15:24:54
Session Raven Porter,WHEAT,210982497356,223,5.02,2022-12-24T00:32:18,2023-07-23T05:53:30
Wild Wolf Wheat,PALE_ALE,726769733846,254,17.11,2023-02-25T09:49:40,2023-10-20T08:56:04
Malty Raven IPA,PILSNER,120214173171,477,8.27,2022-10-13T03:21:19,2024-05-14T20:39:20
Ancient Forest Gose,PORTER,898035289225,28,20.34,2022-09-13T12:06:54,2023-02-15T06:29:56
Hazy River IPA,GOSE,878748468621,173,20.93,2022-03-29T02:41:15,2022-09-29T11:41:31
Frosty Bluff Sour,PALE_ALE,667195040257,216,16.57,2023-07-26T06:41:37,2023-09-10T20:59:57
Sweet Bluff Ale,PALE_ALE,207605857228,341,23.88,2023-03-03T22:25:11,2024-02-29T09:21:44
Imperial Coast Ale,PALE_ALE,625955036867,30,21.95,2020-01-21T12:07:24,2020-05-01T15:07:44
Amber Eagle Porter,WHEAT,758677249133,25,12.3,2021-12-12T09:25:50,2023-06-12T10:22:43
Hoppy Creek Gose,PILSNER,104984989107,249,19.39,2023-01-23T11:38:43,2024-09-27T01:07:25
Malty Valley Ale,LAGER,904572503636,284,4.58,2024-01-10T02:15:14,2024-07-15T15:48:30
Rustic Forest Porter,PILSNER,112237530457,93,18.41,2022-10-06T08:25:31,2023-11-16T07:15:55
Bold Hawk Wheat,PALE_ALE,550478531416,190,20.39,2022-12-07T08:43:43,2023-04-24T12:47:44
Cloudy Eagle Ale,SOUR,269444683235,416,8.38,2022-08-15T01:31:48,2024-08-12T06:05:28
Bitter Ridge Bock,GOSE,817847020475,156,14.33,2023-09-04T21:07:41,2023-12-29T17:33:53
Smooth Tiger Lager,LAGER,656107423886,492,6.83,2024-02-24T14:49:35,2024-03-16T09:07:20
Imperial Valley Porter,ALE,813533271326,327,24.92,2022-03-30T19:49:07,2022-08-05T15:14:20
Session Coast Sour,WHEAT,429850379057,323,9.75,2022-04-15T22:43:35,2022-09-16T17:18:45
Imperial Bear Lager,GOSE,058304942655,252,19.4,2024-10-19T12:13:30,2024-10-29T22:26:12
Wild Fox Lager,PORTER,584221939827,494,14.29,2021-06-27T21:46:10,2023-11-12T09:47:37
Hazy Fox Ale,STOUT,406729382584,489,8.68,2020-04-19T12:39:16,2022-01-06T11:45:57
Bright Bluff Wheat,PORTER,993221091462,335,4.3,2022-12-14T04:21:03,2024-07-01T18:59:36
Malty Dragon Stout,IPA,108833793694,15,15.89,2021-01-23T06:32:29,2022-09-14T17:32:15
Bold Dragon Bock,SOUR,245583310798,134,23.79,2020-08-31T14:39:30,2023-06-05T11:46:26
Roasted Mountain Stout,GOSE,247293602667,55,7.83,2023-10-17T14:39:16,2024-09-24T13:27:29
Crispy Wolf Bock,LAGER,875564746559,239,19.04,2023-01-19T15:41:04,2023-05-03T12:23:34
Dark Bluff Porter,STOUT,850592939634,265,9.17,2021-08-11T21:08:09,2023-08-22T16:47:33
Hoppy Peak Porter,GOSE,443107328161,245,15.67,2021-03-11T11:27:37,2022-07-13T02:27:35
Rustic Raven Sour,STOUT,573734257450,234,22.12,2024-03-10T09:17:51,2024-09-28T13:41:32
Hazy Hawk Pilsner,SOUR,572182069341,484,7.52,2024-01-22T07:40:37,2024-10-16T09:52:11
Golden Bear Ale,IPA,255608706924,363,17.36,2022-04-08T07:22:44,2024-06-25T08:45:30
Smooth Falcon IPA,ALE,211866510658,389,24.59,2021-08-24T23:49:01,2022-12-10T13:22:54
Cloudy Valley Porter,WHEAT,450460398604,448,21.95,2021-03-18T17:57:06,2024-09-18T22:26:01
Rustic Dragon Lager,IPA,849112611212,53,10.74,2022-02-11T13:08:44,2022-02-21T10:35:21
Roasted Bluff Lager,PORTER,800889961124,215,10.13,2020-06-18T18:07:01,2022-03-25T09:47:18
Dark Ridge Wheat,STOUT,003239755840,452,12.31,2020-08-18T05:38:20,2021-04-19T16:14:54
Malty Valley Pilsner,LAGER,869079155083,325,17.45,2020-09-22T17:47:11,2023-10-21T02:31:21
Roasted Peak Sour,SOUR,672426165943,436,23.08,2023-06-11T02:18:45,2024-06-15T13:28:28
Session Forest Porter,GOSE,489095805258,77,18.92,2022-02-06T21:33:40,2022-08-24T15:57:05
Smooth River Pilsner,PALE_ALE,336370950136,222,15.3,2020-01-04T21:15:53,2022-09-01T09:11:19
Session Valley Pilsner,GOSE,546016735454,192,22.95,2022-12-30T11:43:05,2024-03-20T09:13:21
Bright Mountain Wheat,SOUR,446757946541,149,3.01,2020-09-21T03:59:43,2023-05-23T11:37:21
Frosty Ridge Sour,GOSE,275937213834,66,14.59,2020-05-26T17:07:09,2022-08-12T06:35:11
Hoppy Coast Pilsner,WHEAT,608330485988,301,6.77,2023-07-17T13:52:13,2023-09-11T03:03:59
Amber Creek Wheat,IPA,455872345336,97,17.81,2023-12-14T18:05:20,2024-02-28T02:01:37
Bold Coast Wheat,PORTER,553253920710,421,17.95,2022-07-14T08:59:57,2023-08-26T00:21:12
Frosty Mountain Gose,WHEAT,183353411309,23,14.58,2021-05-07T04:20:02,2021-09-30T06:44:05
Golden Valley Lager,WHEAT,952921070641,297,3.56,2020-09-01T19:27:48,2023-03-02T00:20:18
Session Falcon Sour,PILSNER,119348973385,18,5.31,2020-05-25T16:25:50,2023-05-25T11:12:26
Malty Bluff Stout,PALE_ALE,358120331579,442,19.06,2023-12-21T02:33:11,2024-11-23T00:28:46
Bright River Gose,STOUT,301147865004,471,11.86,2024-01-04T05:30:44,2024-01-18T07:03:10
Dark Creek Pilsner,PORTER,955412414801,44,17.21,2021-05-25T05:55:57,2024-02-28T16:59:48
Imperial Bear Pilsner,IPA,744901632074,161,19.14,2022-04-26T09:51:12,2024-11-05T04:04:28
Imperial Fox Porter,PORTER,609424128130,88,12.23,2023-07-08T02:17:41,2023-10-04T06:43:46
Frosty Hawk Gose,SOUR,406627937529,62,19.69,2021-04-10T20:19:09,2024-07-16T07:36:42
Dark Peak Lager,GOSE,917981456889,195,12.47,2022-06-13T17:17:46,2023-10-15T14:48:02
Cloudy Bluff Sour,WHEAT,120135595013,104,20.38,2023-05-29T14:18:02,2024-01-08T02:09:58
Sweet Lion IPA,STOUT,116852252860,142,19.55,2020-07-09T13:41:00,2023-12-16T03:49:01
Hoppy Bluff Bock,PORTER,548966561417,44,14.82,2021-04-11T17:30:29,2022-04-02T04:25:35
Cloudy Mountain Pilsner,PILSNER,996471007427,5,22.8,2020-02-16T18:05:16,2024-10-03T04:49:18
Bitter Fox Lager,ALE,864772270862,335,22.42,2021-10-11T07:50:12,2024-03-22T22:10:06
Cloudy Eagle Stout,WHEAT,020689433608,111,6.83,2023-07-21T21:42:36,2023-10-21T08:58:21
Frosty Forest Stout,WHEAT,748911243799,67,12.01,2024-06-28T02:16:49,2024-07-07T17:37:11
Hazy Coast Gose,GOSE,959350077434,461,15.14,2024-04-11T23:05:28,2024-11-11T12:32:39
Malty Ridge Bock,STOUT,792844355161,230,19.8,2020-09-15T07:17:35,2023-07-11T14:38:55
Ancient Storm Pilsner,LAGER,899927072446,12,20.78,2021-06-22T23:46:26,2024-11-22T05:52:00
Bright Mountain Pilsner,LAGER,429123737440,334,10.46,2024-01-23T03:52:38,2024-02-21T01:43:44
Imperial Peak Bock,LAGER,901457380170,416,5.79,2022-12-13T11:28:35,2023-05-10T07:54:59
Frosty Storm Porter,PILSNER,273110220354,12,3.87,2021-03-27T16:07:04,2024-12-22T18:57:31
Ancient Bear Gose,SOUR,312286363047,359,20.18,2023-04-05T17:47:06,2024-08-26T17:53:53
Crispy Storm Sour,STOUT,130925054042,262,21.87,2022-04-29T06:34:54,2023-10-24T23:42:58
Sweet River Bock,PALE_ALE,566963583578,282,19.95,2024-07-14T01:30:09,2024-11-05T21:02:06
Frosty Eagle Ale,SOUR,819779712594,179,19.82,2023-08-11T15:07:55,2024-07-12T20:41:30
Wild Mountain Lager,LAGER,900463893247,16,24.28,2021-08-21T08:20:21,2022-10-20T04:21:02
Hazy Hawk Stout,ALE,988996384392,307,6.23,2023-01-24T01:53:03,2023-06-28T00:03:00
Hoppy Forest Gose,PALE_ALE,581355106796,19,23.27,2022-10-25T22:11:29,2024-02-18T15:44:59
Ancient Coast Bock,PORTER,708231339115,281,23.13,2020-12-08T08:31:36,2022-07-17T20:54:39
Sweet Bluff Lager,ALE,165939408063,295,6.64,2021-06-16T07:00:29,2022-03-21T15:34:25
Hazy Dragon Ale,ALE,681303649628,113,18.24,2023-10-27T23:06:19,2024-07-01T21:24:53
Hoppy Eagle Sour,WHEAT,016544933314,384,13.4,2023-08-06T09:14:36,2024-03-20T23:23:20
Bright Forest Ale,SOUR,582804897187,169,21.45,2021-06-05T05:24:13,2023-12-30T10:20:42
Malty Fox Bock,PALE_ALE,550104795768,39,5.92,2022-03-20T00:01:05,2024-06-23T17:27:54
Bright Falcon Stout,PORTER,163772516850,70,16.12,2024-12-01T19:30:25,2024-12-24T22:39:08
Crispy Ridge Lager,SOUR,450411136291,26,17.33,2023-12-19T04:25:51,2024-11-24T12:40:40
Hoppy Raven Lager,STOUT,049013228993,316,20.51,2020-07-10T01:51:37,2024-12-29T20:01:41
Bright Ridge Porter,ALE,533808361098,359,23.11,2023-11-10T13:25:31,2024-08-12T18:06:16
Roasted Storm Wheat,SOUR,340649022850,402,21.9,2021-10-11T13:19:37,2024-11-11T19:30:18
Smooth Tiger Porter,GOSE,610210670223,428,19.24,2023-02-03T20:37:08,2024-01-19T15:16:18
Rustic Storm Porter,PILSNER,104109733419,5,23.96,2021-06-07T23:43:20,2022-10-14T14:14:50
Sweet Peak Porter,WHEAT,730372300478,486,17.89,2024-10-02T12:02:06,2024-11-09T00:11:25
Bitter Hawk Pilsner,GOSE,834645452401,281,17.32,2023-04-05T00:30:55,2023-04-23T16:02:51
Imperial Lion Bock,WHEAT,925389006062,317,4.36,2020-08-14T02:45:53,2023-08-06T18:03:10
Bright Wolf Porter,PILSNER,443384005231,351,6.38,2023-11-24T21:13:41,2024-05-13T22:37:25
Amber Mountain Pilsner,IPA,706980523256,344,15.05,2022-10-26T06:31:17,2023-05-03T17:16:07
Hoppy Peak Wheat,PALE_ALE,840034181052,295,24.78,2024-07-10T20:25:50,2024-07-27T12:22:26
Hoppy Valley Lager,PILSNER,510826930664,312,24.44,2021-09-30T15:39:36,2023-12-02T15:09:04
Dark Coast Bock,SOUR,654661550289,350,23.63,2020-12-21T14:07:57,2023-11-09T22:04:27
Bold Raven Ale,SOUR,282859187362,85,5.74,2023-04-27T18:36:01,2023-12-04T09:07:44
Hazy Creek Lager,WHEAT,957154118703,377,19.28,2024-03-09T03:25:01,2024-09-30T13:51:58
Crispy Eagle Stout,SOUR,164658353631,256,4.28,2021-03-10T17:16:46,2023-10-15T05:03:50
Session Hawk Gose,PALE_ALE,186812013144,466,19.78,2024-01-07T16:44:52,2024-02-18T14:19:03
Golden Fox Ale,GOSE,346526987781,24,8.07,2022-09-26T00:45:02,2024-08-12T22:55:24
Amber Eagle Porter,STOUT,482837868959,309,19.66,2022-02-26T02:13:05,2024-04-12T09:43:41
Amber Eagle Lager,PORTER,141831636734,367,14.3,2024-10-14T02:14:31,2024-11-30T01:46:51
Imperial Ridge Gose,SOUR,228610765897,370,13.89,2021-10-28T08:58:37,2022-08-17T11:17:46
Hoppy Creek Pilsner,PALE_ALE,322138998430,426,20.93,2023-10-09T14:39:06,2023-10-15T07:09:40
Frosty Storm IPA,SOUR,929373167758,77,9.29,2024-04-10T12:30:15,2024-04-17T20:32:03
Imperial River Gose,PILSNER,052948987978,182,17.07,2021-10-23T20:58:35,2024-03-03T18:19:01
Frosty Tiger Wheat,ALE,862176670792,461,6.01,2022-07-08T13:33:44,2023-03-23T19:52:11
Session Peak Wheat,PILSNER,544605895810,74,12.79,2024-12-14T18:06:22,2024-12-21T17:35:14
Frosty Dragon Lager,PALE_ALE,397427409351,203,24.07,2022-02-25T13:33:53,2024-11-18T18:53:29
Bitter Bluff Sour,PILSNER,333915451914,315,4.45,2024-08-07T02:03:48,2024-09-24T06:00:17
Bold Mountain IPA,WHEAT,190894781026,316,19.03,2022-07-15T19:01:56,2024-09-17T21:35:27
Roasted Wolf IPA,ALE,006652669575,118,13.76,2021-01-27T15:11:55,2021-12-01T11:16:57
Bright Lion Wheat,PILSNER,716395114163,116,4.51,2021-04-24T06:30:20,2024-09-20T22:38:43
Wild Coast Bock,SOUR,967704457622,3,9.97,2023-01-26T07:26:19,2023-10-27T16:53:19
Roasted Ridge Ale,PORTER,388409630999,230,19.1,2021-02-09T07:22:02,2024-02-25T19:29:14
Ancient Lion IPA,GOSE,042062848893,497,14.91,2022-05-14T07:13:14,2022-10-10T15:05:48
Hazy Creek Lager,SOUR,353668832378,207,10.51,2023-01-18T04:15:53,2023-05-06T13:00:42
Bright Hawk Wheat,LAGER,067344348744,131,16.07,2021-03-06T20:40:16,2023-07-09T07:42:27
Ancient Hawk Porter,PILSNER,647667657333,203,17.51,2023-08-21T02:13:17,2024-07-18T10:40:48
Bright Ridge Gose,IPA,423914064439,115,12.12,2021-09-17T02:37:23,2021-12-19T00:10:17
Imperial Creek Ale,PILSNER,908417267706,200,21.7,2020-03-16T23:14:19,2020-11-13T21:31:14
Malty Tiger Bock,PILSNER,133163634866,156,8.01,2020-09-24T07:17:32,2020-10-17T17:01:52
Malty Coast Stout,LAGER,429126076951,23,8.92,2020-09-30T07:29:06,2024-06-01T22:05:37
Dark Creek Stout,ALE,430806973132,310,11.32,2021-12-09T19:12:33,2022-05-09T11:19:56
Golden Dragon Stout,STOUT,479292865434,340,3.99,2022-06-20T01:12:19,2024-05-11T15:23:43
Session Tiger Pilsner,STOUT,899787053703,281,16.11,2023-04-25T14:35:05,2023-12-15T07:13:05
Hoppy Dragon Sour,PILSNER,614142273371,97,20.56,2023-12-04T17:48:15,2024-04-29T05:10:30
Bold Ridge Ale,PORTER,250771041937,146,4.87,2024-12-30T18:15:49,2024-12-30T20:45:54
Bitter Tiger Ale,PILSNER,394989812459,188,24.61,2024-06-23T22:56:07,2024-12-11T03:04:55
Smooth Bluff Sour,STOUT,110986777770,164,13.63,2023-10-16T01:09:46,2024-05-10T23:09:06
Malty Valley Bock,WHEAT,594357896138,209,17.71,2023-01-04T20:09:24,2024-02-12T19:18:32
Wild Peak Gose,IPA,418710555212,316,3.17,2021-08-25T15:50:38,2023-04-19T21:50:43
Amber Mountain Pilsner,PORTER,731825419712,379,15.76,2020-01-04T05:19:08,2021-05-29T01:17:28
Bright Fox Bock,ALE,514320982042,86,17.93,2022-11-05T19:12:31,2024-09-06T19:12:13
Bitter Falcon Porter,STOUT,721576594045,287,5.75,2022-07-29T09:10:36,2022-10-23T00:11:17
Sweet Hawk Pilsner,STOUT,486657839788,293,5.84,2020-07-02T03:21:33,2024-05-07T18:43:31
Malty Lion Stout,LAGER,195452891902,320,6.24,2020-08-12T10:31:38,2023-11-18T03:56:59
Amber Storm Sour,PORTER,812942407433,417,3.94,2022-07-23T00:01:59,2023-07-17T20:02:44
Imperial Eagle Porter,WHEAT,319583914711,273,23.58,2024-06-01T03:34:11,2024-08-14T23:05:35
Hazy River Bock,LAGER,471078958717,285,21.46,2020-08-07T13:27:03,2022-01-08T12:47:16
Crispy Eagle Lager,IPA,504982631994,493,4.7,2022-05-15T21:01:42,2022-12-06T18:54:38
Hoppy Mountain Gose,GOSE,467078387186,188,13.61,2022-05-20T17:37:16,2023-03-17T22:43:23
Amber Bluff Porter,PORTER,197007352743,485,7.27,2021-10-17T00:14:18,2023-01-10T03:35:00
Malty Raven Gose,PORTER,098117067076,189,17.72,2020-06-28T22:37:17,2023-02-07T14:48:18
Cloudy Dragon Porter,IPA,867303623383,473,9.57,2023-07-03T21:31:26,2023-10-20T19:25:49
Session Storm Pilsner,PALE_ALE,878473339669,127,13.82,2023-07-05T20:24:08,2024-03-10T10:51:45
Ancient Falcon Pilsner,ALE,833824471753,95,11.94,2022-12-19T16:20:36,2022-12-31T12:53:16
Dark Eagle Gose,PORTER,738021836878,30,12.28,2024-10-18T03:40:27,2024-12-12T17:03:36
Hoppy Forest Porter,PORTER,074680749873,4,20.07,2024-12-21T08:05:45,2024-12-25T20:27:45
Imperial Dragon Lager,STOUT,134383811535,452,8.85,2021-11-29T10:05:34,2023-11-28T15:34:37
Amber Creek Lager,PORTER,852336119062,497,20.49,2024-09-25T06:05:17,2024-10-26T06:34:23
Hoppy Bluff Lager,PALE_ALE,304286967239,281,7.43,2024-03-08T02:54:42,2024-10-13T01:05:19
Crispy Falcon Wheat,STOUT,157114374186,319,12.55,2023-12-24T15:05:29,2024-11-14T12:51:09
Smooth River Lager,PALE_ALE,249406295421,446,11.87,2021-01-28T23:14:16,2023-02-05T09:05:37
Roasted Storm Pilsner,SOUR,080193115208,416,21.8,2023-03-28T18:58:16,2023-10-16T06:55:28
Dark River IPA,SOUR,783926538837,394,21.03,2022-10-14T21:25:09,2023-09-12T12:46:24
Frosty Coast Sour,PILSNER,728295105874,354,19.38,2021-02-03T21:32:41,2021-06-27T21:23:26
Bold Bluff Bock,SOUR,471664411134,100,15.26,2020-06-05T18:21:09,2024-07-13T13:55:25
Wild Tiger Ale,PORTER,563017868174,441,17.28,2024-04-04T09:21:28,2024-05-16T07:35:46
Rustic Storm Lager,PILSNER,697977511996,5,7.7,2023-03-16T07:36:32,2024-07-15T22:09:20
Session Forest IPA,IPA,807293670110,81,18.15,2021-01-20T00:24:20,2024-03-30T15:55:02
Frosty Fox Sour,PALE_ALE,425877458374,52,4.79,2022-10-29T03:38:09,2024-03-25T10:28:02
Bold Bear Lager,WHEAT,934604310733,452,8.29,2022-08-12T02:47:10,2023-12-01T11:18:22
Bright Bluff Stout,SOUR,135640824549,263,18.65,2021-05-25T04:01:20,2023-01-09T17:07:01
Bitter Mountain Gose,GOSE,259650091414,229,4.22,2022-05-18T04:39:32,2023-11-20T03:23:37
Hazy Valley Stout,SOUR,883045737479,371,10.28,2020-02-07T08:14:57,2024-04-25T07:56:41
Cloudy Forest Gose,PILSNER,143848891096,134,22.27,2020-05-16T15:32:23,2024-10-04T22:13:47
Rustic Storm Bock,PORTER,538776523512,155,21.93,2020-03-31T19:11:03,2024-11-11T10:27:21
Bitter Raven Gose,PILSNER,142070273210,190,16.78,2022-08-19T23:40:38,2023-06-09T03:12:54
Rustic Falcon Lager,PORTER,609397113418,203,21.2,2021-09-27T00:48:25,2024-02-19T19:55:53
Malty Wolf Wheat,STOUT,640585765244,202,9.3,2023-09-11T11:27:00,2023-11-28T07:28:09
Wild Fox Stout,WHEAT,591206952872,154,11.74,2022-07-26T21:59:31,2023-07-30T01:08:08
Hazy Fox Sour,STOUT,125464611472,261,10.41,2020-05-06T09:04:59,2020-05-08T14:39:49
Hoppy Raven Porter,GOSE,508529132986,417,17.06,2023-06-14T15:40:06,2023-07-03T22:00:24
Smooth Valley Bock,LAGER,237905678119,61,3.53,2020-02-14T22:44:41,2020-08-18T10:21:50
Dark Falcon Gose,SOUR,089385797551,38,12.7,2023-03-03T03:41:11,2023-11-30T10:50:36
Roasted River Wheat,PILSNER,818212551969,292,22.96,2020-01-10T21:49:28,2021-10-06T22:08:33
Roasted Eagle Sour,STOUT,684155775317,283,7.09,2021-10-22T09:11:40,2022-03-10T17:35:08
Imperial Hawk Ale,PALE_ALE,070754170294,10,21.57,2023-04-04T04:32:11,2024-12-10T16:35:41
Malty Bluff Ale,PALE_ALE,781167916786,6,19.54,2024-12-01T11:34:39,2024-12-07T00:18:23
Hoppy Peak Sour,STOUT,965238756460,258,15.93,2022-09-05T20:25:06,2023-06-24T04:12:06
Crispy Dragon Stout,STOUT,630568281333,231,17.68,2022-12-21T22:10:02,2023-05-07T01:35:31
Ancient Wolf Ale,PILSNER,134074472768,4,3.79,2020-08-28T22:57:59,2024-12-16T23:55:02
Dark Mountain Sour,ALE,404687110519,43,3.83,2021-03-06T21:49:45,2023-07-17T17:45:54
Cloudy River Wheat,IPA,946344694701,128,4.22,2022-08-18T03:04:00,2023-03-10T08:31:50
Crispy Storm Pilsner,LAGER,755878876452,2,24.07,2021-02-01T20:17:03,2023-10-16T03:37:04
Dark Creek IPA,STOUT,001728124644,169,9.61,2024-05-13T19:57:32,2024-10-29T20:36:57
Malty Raven Porter,ALE,543724940584,289,19.51,2024-03-23T02:33:38,2024-04-03T12:58:31
Bright Lion Sour,PORTER,058846215015,73,16.88,2020-03-10T08:50:21,2022-12-01T07:29:16
Rustic Creek Gose,ALE,987535298606,2,13.76,2024-12-20T01:26:32,2024-12-30T08:24:23
Malty Peak Gose,LAGER,166353067223,202,13.53,2023-08-07T04:12:42,2024-12-08T18:16:10
Smooth Forest Ale,SOUR,286433089403,282,19.61,2020-11-05T11:57:25,2024-06-13T09:59:01
Roasted Forest Pilsner,STOUT,295594210958,432,16.2,2023-08-24T14:23:43,2024-11-18T01:21:11
Ancient Tiger Lager,STOUT,412183195069,418,4.87,2024-03-22T00:45:32,2024-08-03T09:00:10
Golden Ridge Bock,SOUR,043364570274,142,23.87,2024-06-15T04:50:16,2024-10-21T16:19:51
Frosty Storm Bock,ALE,640293772005,273,24.12,2023-10-03T15:58:08,2024-01-26T19:43:04
Hoppy Bluff Wheat,LAGER,664919806600,347,5.18,2023-02-28T02:05:05,2023-12-04T00:50:37
Smooth Peak Wheat,IPA,619494087293,396,8.18,2022-02-26T09:56:37,2023-01-15T16:31:01
Malty Bluff Porter,GOSE,680521103793,82,14.16,2021-04-17T14:27:32,2023-09-18T17:32:04
Bold Valley Sour,PALE_ALE,135173202211,440,12.21,2021-04-01T04:07:21,2021-05-26T01:38:41
Cloudy Peak Porter,IPA,452492793676,482,7.76,2022-12-09T12:31:25,2024-04-11T20:28:40
Frosty Tiger Bock,GOSE,624963489022,78,10.51,2022-06-08T06:39:55,2022-09-03T07:01:51
Frosty Hawk Sour,PORTER,606213886969,258,24.48,2020-05-15T09:00:23,2023-02-18T09:22:00
Wild Forest Gose,WHEAT,424548401947,483,6.73,2022-10-10T01:27:16,2024-08-20T22:37:30
Smooth Bluff Lager,STOUT,749259906134,381,24.12,2020-05-07T06:53:03,2023-05-13T04:52:54
Smooth Bluff Bock,IPA,907357904904,326,18.68,2023-06-25T22:20:35,2024-06-20T14:25:57
Sweet Coast Bock,GOSE,950340931377,112,20.51,2021-10-30T18:35:06,2024-02-11T16:55:34
Hoppy Forest Bock,PILSNER,919663396708,150,23.22,2021-07-13T23:12:39,2023-11-19T18:39:43
Malty Fox Pilsner,LAGER,133880119623,23,14.3,2024-07-12T17:01:54,2024-07-23T21:25:07
Hazy Peak Gose,ALE,210987480562,319,9.39,2024-02-10T16:31:01,2024-06-30T09:43:07
Dark Mountain Lager,PALE_ALE,612363246273,474,3.78,2021-10-20T03:43:15,2024-01-06T14:16:50
Session Falcon IPA,PORTER,202391117895,126,6.19,2021-04-28T02:20:29,2024-09-08T18:40:48
Wild Eagle Porter,PALE_ALE,502291170328,238,22.11,2022-04-19T04:19:22,2024-06-25T22:24:35
Smooth Eagle IPA,SOUR,197981151643,30,18.49,2024-12-14T19:30:29,2024-12-19T07:03:10
Roasted Ridge Ale,IPA,767338880597,279,3.78,2021-04-12T16:30:19,2022-08-04T06:41:04
Wild Falcon Wheat,PILSNER,376698576730,80,15.85,2022-11-30T22:58:21,2023-11-06T17:38:39
Cloudy Mountain Sour,SOUR,746495289255,53,24.18,2024-12-02T21:09:28,2024-12-26T12:30:56
Bold Ridge Lager,ALE,621358917435,148,8.79,2024-10-18T02:08:33,2024-10-19T00:21:27
Golden Bear IPA,ALE,705359525300,385,7.16,2022-07-24T18:28:00,2022-12-14T02:42:34
Dark Raven Gose,GOSE,780353931598,28,10.15,2021-09-18T06:00:13,2023-07-24T15:31:50
Ancient Valley Ale,PORTER,577851732780,205,14.97,2024-07-16T14:22:16,2024-11-22T06:50:24
Amber Mountain Stout,WHEAT,737150613634,500,9.07,2022-06-29T08:40:54,2023-09-03T01:15:32
Rustic Ridge Lager,PILSNER,145959971343,95,5.41,2020-08-08T20:08:08,2021-04-02T20:14:18
Hoppy Wolf Gose,PORTER,041013106582,482,17.74,2023-04-20T17:45:19,2023-12-22T08:40:29
Hoppy Falcon Gose,GOSE,425651129302,99,8.04,2022-02-24T17:05:27,2023-05-28T21:24:15
Sweet Raven Sour,STOUT,432603009818,313,15.78,2021-08-08T09:15:50,2024-07-13T04:48:49
Session Lion Porter,GOSE,021599572240,148,11.49,2021-07-14T22:04:42,2022-10-23T08:58:50
Sweet Raven Pilsner,WHEAT,578156856167,163,13.31,2024-04-17T03:45:43,2024-06-21T18:09:46
Bitter Creek IPA,SOUR,934197510479,43,14.98,2021-03-06T00:10:40,2022-09-28T08:31:15
Session Lion Pilsner,GOSE,977088723512,73,5.16,2020-07-04T22:26:28,2020-09-24T18:35:42
Hazy Peak Stout,ALE,799994394251,57,19.38,2023-01-09T04:59:07,2023-08-17T23:32:17
Hazy Valley Porter,ALE,282241464282,182,21.95,2020-01-09T00:35:39,2023-01-19T17:58:36
Bitter Wolf Lager,PORTER,212968471829,70,10.0,2021-10-04T09:48:44,2024-01-02T02:26:13
Hoppy Hawk Stout,PILSNER,744780942732,181,19.71,2024-07-20T15:32:20,2024-11-19T11:14:09
Rustic Coast Gose,PALE_ALE,930213146407,307,22.19,2020-09-05T17:58:45,2020-11-27T18:47:30
Golden Hawk Bock,ALE,393403941499,316,14.93,2020-04-28T16:18:35,2020-07-24T10:45:04
Bright Hawk Pilsner,LAGER,841102533587,118,18.18,2024-04-14T11:05:30,2024-09-20T05:10:43
Roasted Creek Lager,GOSE,524735317895,227,5.19,2024-09-08T15:25:05,2024-10-05T16:06:59
Ancient Peak Porter,LAGER,700253721107,93,23.84,2024-09-17T11:44:18,2024-10-09T21:26:55
Wild Eagle Porter,STOUT,770909402415,495,21.62,2020-07-29T11:00:16,2024-10-15T08:40:09
Bitter Raven Gose,ALE,992709245809,351,14.68,2022-01-04T07:07:02,2024-02-10T18:45:38
Imperial Valley IPA,IPA,159196241583,438,23.32,2024-01-31T13:21:10,2024-12-03T02:54:24
Ancient Raven Bock,IPA,069163566780,343,3.82,2020-03-08T12:54:36,2024-11-08T11:46:45
Bitter River Bock,LAGER,855345255640,51,24.34,2023-08-23T19:40:33,2024-12-10T00:40:02
Roasted Hawk Porter,WHEAT,264143888077,20,15.27,2024-07-08T20:00:07,2024-10-24T03:12:30
Hoppy Wolf Lager,GOSE,878628386768,219,14.4,2024-08-18T13:56:28,2024-11-02T06:32:49
Bright Fox Pilsner,SOUR,964105287913,36,15.14,2023-02-07T17:46:02,2023-04-05T22:43:20
Bold Creek Wheat,PALE_ALE,740829692699,151,8.52,2021-10-09T23:40:28,2023-03-29T13:09:16
Smooth Lion Bock,PILSNER,628224426828,139,11.35,2022-02-14T16:49:58,2024-10-05T00:24:03
Ancient Hawk Stout,PILSNER,122028527057,444,6.44,2024-05-29T02:57:23,2024-09-09T12:30:13
Hazy Hawk IPA,PORTER,238178564086,269,21.7,2022-12-23T07:38:06,2024-06-07T19:14:44
Bitter Hawk IPA,WHEAT,225804314080,351,10.62,2022-03-27T23:31:34,2022-04-24T13:48:26
Bitter Mountain Ale,LAGER,016578453973,386,10.94,2021-07-16T13:47:14,2024-08-02T05:17:08
Ancient Dragon Stout,ALE,530337542497,373,14.34,2022-08-11T07:30:04,2024-03-25T22:22:30
Smooth Mountain Pilsner,IPA,297637761657,489,10.81,2021-07-26T22:47:51,2024-12-02T15:34:10
Golden Bear IPA,PILSNER,673647173031,359,21.46,2022-08-13T17:22:20,2022-12-13T01:43:57
Rustic Eagle Bock,STOUT,298625462778,465,23.99,2023-03-09T14:50:50,2023-09-18T07:54:31
Bright Falcon Wheat,PALE_ALE,631042699022,129,9.84,2023-08-21T00:12:12,2024-02-04T19:17:07
Roasted Bear IPA,ALE,331145035500,442,20.84,2024-10-19T15:25:49,2024-11-22T19:37:28
Wild Lion Porter,PILSNER,844999287377,151,6.69,2024-02-11T11:25:22,2024-06-16T06:32:47
Rustic Coast Gose,LAGER,490140864033,224,8.64,2024-07-20T17:31:13,2024-08-29T03:43:34
Hoppy Hawk Ale,STOUT,096606365594,471,3.8,2024-08-24T04:42:19,2024-09-13T04:28:47
Dark Raven Wheat,PILSNER,942292247933,392,24.63,2020-11-29T08:57:36,2021-08-22T14:47:56
Bright Wolf Sour,ALE,471071189252,356,16.29,2021-07-01T06:49:02,2024-12-15T18:58:29
Wild Raven Stout,PORTER,018149336581,395,8.91,2021-09-19T23:36:06,2022-12-28T23:05:06
Bold Mountain Lager,ALE,696715146995,405,16.47,2020-08-18T18:51:09,2024-10-09T21:40:13
Bitter Valley Gose,SOUR,680186890063,118,22.52,2023-12-27T01:23:23,2024-04-14T10:15:13
Dark Forest Wheat,GOSE,977116585081,98,6.17,2020-05-16T16:20:12,2021-12-21T09:06:57
Bright Tiger Stout,SOUR,168793632531,265,12.5,2021-08-09T14:41:49,2024-07-15T04:27:43
Dark Hawk IPA,PALE_ALE,779036532960,214,7.43,2024-02-14T18:06:44,2024-04-25T03:19:20
Rustic Peak Bock,IPA,586726212026,123,7.22,2020-10-01T10:03:21,2020-12-10T10:49:33
Hoppy Valley Gose,STOUT,594900979375,18,20.15,2023-11-07T00:20:14,2024-12-30T15:20:59
Ancient Mountain Gose,LAGER,572477394772,21,4.35,2020-10-07T02:19:49,2024-03-07T03:02:30
Golden Dragon Wheat,PILSNER,408460573062,329,19.94,2023-01-16T13:34:39,2024-04-03T13:34:56
Imperial Peak Pilsner,PILSNER,980656619677,206,5.64,2024-02-16T22:04:24,2024-05-09T22:15:49
Rustic Hawk Sour,PALE_ALE,333495589300,266,22.95,2020-07-04T19:20:39,2021-10-05T02:24:17
Frosty Eagle Ale,WHEAT,271897780680,319,13.49,2023-10-28T18:37:09,2024-11-07T08:33:58
Golden Ridge IPA,SOUR,556356828391,365,6.85,2020-01-01T06:13:02,2021-02-26T21:14:38
Cloudy Forest Lager,STOUT,315844107029,102,17.86,2021-02-26T13:03:49,2023-11-16T03:38:18
Frosty Fox IPA,PILSNER,184549962135,42,22.1,2023-01-07T07:12:47,2023-04-30T11:08:53
Bitter Coast Pilsner,IPA,532210888680,159,13.01,2021-11-28T09:47:23,2023-03-10T22:52:22
Sweet Lion Wheat,GOSE,177180964412,74,20.69,2021-04-03T21:45:02,2023-05-10T12:18:22
Bright Tiger Porter,PILSNER,168819918526,3,18.04,2021-05-03T21:54:42,2023-07-08T06:20:48
Bitter Falcon Gose,WHEAT,544280421841,259,10.13,2024-05-16T15:04:42,2024-05-23T22:24:46
Crispy Falcon Porter,STOUT,601732200912,166,19.16,2022-10-18T17:16:08,2023-08-04T10:26:37
Hazy Creek Stout,PALE_ALE,377545674985,226,11.08,2023-10-04T01:28:39,2024-05-22T06:32:50
Cloudy Ridge Gose,WHEAT,479220487526,303,22.48,2022-09-01T14:35:09,2024-11-26T11:52:04
Imperial Coast Sour,GOSE,351104140857,4,14.8,2021-07-04T07:13:07,2023-10-31T23:08:14
Hazy Ridge Lager,WHEAT,568666982987,275,21.47,2023-06-20T00:16:34,2024-02-06T17:14:01
Dark Forest Lager,ALE,647985451239,42,17.67,2022-09-16T20:42:11,2024-01-29T08:49:18
Bitter Hawk Stout,PALE_ALE,868876147685,165,16.5,2022-09-12T07:45:38,2023-06-06T11:37:00
Roasted Falcon Porter,ALE,963587154749,9,12.22,2023-04-17T09:27:35,2024-01-25T16:36:51
Smooth Tiger Stout,LAGER,012005362089,458,9.39,2021-02-11T15:18:23,2022-06-10T02:36:25
Cloudy Hawk Lager,SOUR,278966025642,286,23.2,2021-09-15T22:19:50,2023-10-14T14:12:42
Bright Tiger Wheat,SOUR,732359602803,449,12.51,2023-10-24T07:57:11,2024-08-25T18:56:11
Dark Lion Wheat,LAGER,863695029026,381,20.72,2024-08-18T14:45:54,2024-11-05T23:39:30
Cloudy Tiger Sour,ALE,938065030551,466,10.5,2022-05-03T08:23:13,2023-05-23T15:44:13
Session Peak Ale,WHEAT,390571187693,299,17.61,2023-06-26T21:00:25,2024-03-29T01:46:09
Crispy Falcon IPA,ALE,306401845942,314,17.41,2021-02-20T17:19:57,2023-12-10T01:50:51
Crispy Storm Lager,ALE,379958280384,366,19.13,2023-04-13T14:02:29,2023-05-25T06:31:25
Frosty Mountain Pilsner,STOUT,775045935202,76,24.35,2023-06-26T21:48:05,2024-05-03T02:36:49
Frosty Wolf Bock,GOSE,074207739984,159,23.46,2020-08-02T07:08:05,2023-08-23T13:36:21
Golden Eagle Pilsner,STOUT,327896212026,107,16.17,2022-04-28T13:20:36,2024-06-08T05:34:18
Imperial Raven Wheat,STOUT,664443720689,396,18.83,2020-11-24T01:22:42,2021-04-19T19:59:53
Wild Dragon Wheat,WHEAT,936856423967,327,9.08,2024-09-17T15:08:43,2024-12-12T10:05:37
Wild Creek Stout,SOUR,815697979877,327,23.26,2020-08-15T19:40:57,2020-12-05T03:38:17
Frosty Eagle Wheat,SOUR,358046760333,446,3.75,2021-11-10T03:12:31,2023-01-08T01:59:22
Cloudy Wolf Stout,ALE,177017795680,92,13.88,2024-10-24T19:21:00,2024-11-28T18:33:26
Hoppy Coast Bock,PALE_ALE,829075693210,391,16.7,2020-10-16T13:17:44,2023-08-19T02:49:57
Ancient Peak IPA,PILSNER,335767114179,165,12.57,2024-08-10T18:11:01,2024-09-05T19:39:24
Amber Fox Bock,ALE,010430332089,401,4.88,2023-11-24T11:57:38,2024-10-05T09:28:04
Smooth Bear Porter,GOSE,924121744809,139,6.78,2024-04-07T12:38:51,2024-05-13T11:34:55
Imperial Ridge Sour,PILSNER,882541958033,422,23.97,2023-06-15T10:53:05,2023-11-12T03:06:27
Golden Hawk Wheat,IPA,442302408236,314,8.4,2023-01-20T20:37:27,2024-10-05T03:07:59
Sweet Coast IPA,GOSE,816702875440,281,19.47,2024-09-23T02:50:11,2024-12-08T15:58:00
Wild Bear Lager,PILSNER,641826967994,156,12.48,2021-03-03T14:57:41,2021-11-15T15:23:29
Smooth Raven Wheat,PALE_ALE,999792327528,361,4.81,2021-02-14T05:16:50,2024-06-24T14:16:23
Frosty Creek Gose,PORTER,034783921480,214,21.87,2020-11-11T12:06:35,2024-11-24T01:12:34
Dark Valley Sour,SOUR,768252365941,221,5.45,2024-11-09T19:56:17,2024-11-25T22:08:40
Wild Eagle Stout,IPA,686533482696,82,16.93,2024-04-17T06:21:52,2024-08-22T22:20:45
Roasted Valley Porter,STOUT,441338561103,201,10.76,2024-09-24T16:47:16,2024-10-29T23:54:17
Amber Mountain Wheat,IPA,263915869477,262,13.03,2022-01-08T04:09:20,2024-02-14T21:14:22
Golden Raven Bock,ALE,153226362117,110,20.05,2020-10-20T05:27:05,2020-12-21T05:23:43
Bright Storm Bock,STOUT,670436895414,263,19.58,2020-01-08T02:45:18,2023-08-30T19:55:57
Golden Hawk Ale,SOUR,106764172468,300,20.95,2022-03-11T12:51:03,2023-04-13T15:19:58
Dark Coast Lager,IPA,193969755733,236,5.6,2022-06-12T22:22:23,2023-10-15T08:08:28
Sweet Peak Ale,PILSNER,220046996263,244,21.63,2023-06-27T10:02:20,2024-03-21T18:53:16
Golden Hawk Gose,WHEAT,225014492100,163,8.26,2024-01-04T16:00:11,2024-10-19T22:01:05
Dark Dragon Gose,ALE,306373541969,280,24.05,2024-03-28T02:05:56,2024-09-08T01:03:27
Imperial Forest Bock,IPA,175836247378,335,15.45,2020-07-22T02:35:25,2022-11-19T11:03:39
Session Storm Gose,STOUT,648524133295,97,16.07,2020-07-24T15:15:00,2021-04-16T16:43:51
Cloudy Creek Porter,STOUT,553727799072,366,8.38,2021-08-29T23:29:50,2023-12-15T00:24:38
Hazy Storm Stout,IPA,319771099236,315,18.45,2023-07-05T04:06:09,2024-07-12T14:06:22
Golden Tiger Stout,WHEAT,227377527414,255,12.62,2022-02-05T17:26:02,2023-11-25T00:40:03
Wild Coast Stout,PILSNER,390514925791,492,11.06,2020-11-24T05:09:38,2023-08-25T05:19:58
Roasted Storm Pilsner,PILSNER,758530149835,333,22.42,2022-10-15T20:37:43,2023-10-14T05:08:29
Dark Bear Sour,IPA,653629445366,232,15.23,2022-10-10T23:31:04,2023-08-04T12:36:22
Amber Storm Wheat,IPA,434924027290,278,22.49,2023-06-19T15:25:20,2023-07-10T17:15:21
Ancient Peak Wheat,WHEAT,674259691528,82,22.91,2022-02-13T18:22:32,2023-07-08T08:21:03
Rustic Wolf Bock,PILSNER,721383164810,375,10.29,2024-01-03T19:03:36,2024-09-04T11:52:03
Amber Forest IPA,GOSE,341873333409,119,24.39,2022-12-28T09:37:35,2023-12-16T00:11:59
Bold Bear Ale,ALE,940422698057,181,22.45,2022-06-07T01:44:42,2022-09-14T23:46:15
Bright Raven Ale,ALE,069997578633,262,17.34,2021-04-24T04:55:40,2024-10-06T14:03:39
Crispy Valley Porter,SOUR,852171666622,284,16.89,2021-04-08T06:25:58,2024-01-08T18:25:08
Bold Forest Porter,PILSNER,546124345920,137,16.45,2020-06-30T04:24:02,2024-05-16T19:37:59
Frosty Coast Porter,ALE,363803722201,226,14.87,2022-11-14T02:14:27,2022-11-22T13:49:14
Bold Bluff Ale,WHEAT,207448566234,114,7.9,2020-08-17T12:07:50,2024-04-09T03:31:37
Hoppy Valley Ale,PALE_ALE,185559679040,361,13.52,2023-12-04T07:15:00,2024-03-21T05:00:00
Malty Coast Sour,LAGER,288172987570,168,14.1,2020-09-26T13:23:12,2021-07-18T23:34:25
Cloudy Bear Bock,STOUT,963362866539,358,18.0,2021-11-20T05:50:02,2023-05-23T05:14:04
Wild Forest IPA,PALE_ALE,882242363476,125,9.29,2020-09-08T23:13:19,2022-11-04T20:27:54
Hoppy Storm Gose,GOSE,210893129586,240,6.99,2022-01-30T19:07:21,2024-07-06T11:20:51
Crispy Eagle Porter,IPA,348586787947,97,13.64,2021-08-11T01:17:59,2021-09-01T11:55:52
Hazy Bluff Gose,SOUR,840568810219,408,8.48,2021-11-09T00:43:31,2024-06-11T03:41:46
Hazy Valley Sour,IPA,252610182589,299,7.02,2021-08-28T15:16:26,2024-11-15T20:15:15
Wild Bluff Gose,PORTER,530292658623,313,6.65,2024-08-19T13:14:18,2024-11-19T05:01:51
Cloudy Hawk Porter,ALE,139817676995,89,22.63,2022-06-26T12:36:10,2022-12-21T13:56:41
Crispy Hawk Ale,STOUT,067571792005,205,11.15,2020-05-02T18:59:59,2023-01-21T23:08:10
Wild Mountain Pilsner,WHEAT,174678397722,243,4.51,2023-09-07T02:57:17,2023-09-26T23:41:41
Cloudy Peak IPA,ALE,681248006754,389,19.64,2020-10-27T22:18:19,2023-08-06T12:18:15
Frosty Forest Lager,PORTER,694518884249,24,21.49,2023-10-03T23:24:58,2024-09-10T08:19:35
Frosty Ridge Lager,LAGER,297872581520,432,23.54,2022-05-29T15:04:55,2023-06-23T14:52:02
Session Forest Pilsner,ALE,052440310809,28,24.93,2024-06-04T22:25:42,2024-06-11T18:18:23
Golden Forest Porter,PILSNER,705146148059,82,7.75,2023-12-18T00:37:47,2024-04-26T18:50:48
Roasted Valley Gose,IPA,194745804787,227,16.53,2024-03-06T14:04:10,2024-06-30T14:02:37
Sweet Bluff Bock,STOUT,576146167683,25,21.68,2021-05-02T10:00:36,2024-01-09T07:13:23
Hazy Dragon Gose,STOUT,053136255208,219,7.02,2021-11-01T15:22:04,2023-11-26T01:38:46
Smooth Raven Sour,GOSE,122995358099,26,20.38,2022-06-22T05:46:08,2023-04-24T22:34:50
Golden Eagle Stout,GOSE,914259336824,120,10.32,2022-07-06T15:52:28,2024-12-04T19:54:27
Ancient Hawk IPA,LAGER,141481892254,324,24.08,2024-09-21T04:54:28,2024-10-14T17:33:12
Bright Bear Stout,GOSE,996940040285,119,13.27,2023-04-07T14:04:03,2024-02-11T12:33:05
Imperial Lion Bock,SOUR,786271120952,29,10.67,2024-01-19T19:04:55,2024-03-28T07:14:49
Golden Dragon Bock,WHEAT,833218919482,416,22.5,2020-03-11T07:16:35,2024-05-31T09:14:21
Crispy Fox Wheat,ALE,411712753724,286,8.74,2023-04-05T12:37:04,2024-04-28T06:47:11
Amber Lion Bock,STOUT,340717606341,246,16.43,2021-02-16T10:58:32,2022-07-14T01:25:40
Bold Dragon Wheat,PILSNER,401397313042,58,20.36,2020-10-09T02:38:10,2024-09-23T03:14:40
Bright Mountain Gose,ALE,929428832282,135,8.64,2024-10-22T09:56:25,2024-10-26T02:42:16
Rustic Dragon Wheat,LAGER,881019249478,175,12.06,2020-06-16T01:29:30,2022-12-05T00:34:00
Amber Valley Pilsner,LAGER,871507774978,377,6.24,2022-06-18T11:30:57,2024-06-08T05:30:04
Rustic Tiger Lager,PALE_ALE,488216034712,187,6.68,2024-02-29T23:34:11,2024-04-05T16:42:31
Ancient Wolf Lager,PORTER,640656417058,56,7.78,2024-08-09T04:38:55,2024-08-30T09:46:10
Sweet Hawk Porter,PALE_ALE,277273506682,207,24.75,2023-11-20T05:03:13,2024-09-04T18:17:41
Bold Dragon Sour,PORTER,838152312845,154,13.3,2020-08-20T05:09:02,2021-03-20T11:36:44
Hazy Mountain Gose,WHEAT,024543244840,6,24.04,2020-01-21T01:31:06,2023-11-03T16:21:12
Hazy Forest Ale,PILSNER,383424502536,316,14.37,2020-12-05T06:05:43,2024-08-29T01:46:18
Wild Fox Sour,IPA,646510810612,129,20.1,2021-11-18T00:41:07,2023-06-30T11:03:34
Bold Eagle IPA,PORTER,730458492703,491,23.72,2023-11-26T13:07:14,2024-10-20T17:39:55
Wild Bluff Gose,SOUR,794373424118,196,8.29,2024-09-29T08:48:15,2024-11-22T02:27:44
Wild Ridge Bock,GOSE,825054390353,132,17.23,2021-03-17T18:59:36,2023-01-27T21:10:38
Bitter River IPA,ALE,431862371854,89,22.16,2020-06-24T02:17:59,2024-09-14T15:22:10
Amber Dragon Stout,WHEAT,460675506927,415,16.58,2020-05-23T04:55:51,2024-09-09T14:53:27
Sweet Peak Gose,LAGER,093894990411,4,22.56,2022-03-08T05:36:27,2024-10-12T16:41:37
Bold Mountain Pilsner,IPA,674194933129,107,11.07,2020-11-07T21:47:27,2023-12-31T12:40:00
Session Dragon Pilsner,IPA,172940009845,346,3.35,2023-04-12T10:48:23,2024-02-27T21:24:46
Ancient Eagle Wheat,PILSNER,281427686151,247,9.71,2022-02-25T01:32:46,2023-10-21T07:29:43
Smooth Forest Wheat,ALE,404536497119,104,19.76,2022-12-26T13:06:46,2024-02-04T22:21:25
Bitter Creek Wheat,STOUT,740633673340,497,7.99,2023-04-07T12:02:08,2023-12-17T11:29:35
Session Falcon Gose,GOSE,459456586898,336,24.49,2022-06-18T16:12:08,2022-08-14T19:36:00
Sweet Storm Gose,ALE,371819459793,26,21.5,2020-02-02T02:06:40,2022-05-20T03:22:33
Session Dragon Bock,IPA,280305994002,302,19.96,2024-11-05T08:55:17,2024-12-09T11:12:52
Wild Bluff Wheat,LAGER,826919949926,343,13.99,2022-11-09T13:19:42,2022-12-05T18:50:58
Crispy Valley Gose,WHEAT,649391019849,137,20.79,2022-11-20T21:28:14,2023-02-25T21:54:39
Wild Eagle Lager,PORTER,232231916686,330,4.36,2020-10-16T11:27:39,2023-12-24T17:59:26
Hoppy Bear Sour,ALE,951672755579,337,23.53,2020-08-24T12:03:21,2021-09-13T07:20:32
Bright Creek Pilsner,PALE_ALE,017114914487,130,22.65,2023-12-02T09:00:55,2024-01-08T06:23:11
Wild Raven Bock,STOUT,915080599690,396,11.6,2021-12-05T04:47:49,2024-01-28T17:08:39
Imperial Storm Porter,LAGER,433594948480,95,23.67,2022-04-12T15:35:37,2023-07-07T19:08:29
Wild Raven Gose,IPA,678808420639,419,3.72,2024-05-02T16:19:11,2024-07-02T06:19:42
Roasted Hawk Ale,PILSNER,700042741750,342,4.24,2023-03-09T10:25:39,2023-11-17T15:18:25
Bright Tiger Porter,PILSNER,218902555526,123,19.67,2021-12-18T03:13:49,2024-03-16T06:58:17
Bold Forest Stout,GOSE,312529472194,383,9.94,2020-11-25T07:38:22,2022-09-07T15:56:08
Hoppy Fox IPA,PALE_ALE,434619614601,390,10.42,2023-06-22T04:01:14,2024-12-28T05:11:28
Hoppy Eagle Bock,LAGER,484968604375,199,10.26,2022-12-21T04:56:58,2023-10-10T11:35:54
Wild Storm Porter,LAGER,674723300564,417,18.62,2021-12-11T22:59:19,2022-03-21T16:10:33
Wild Wolf Sour,LAGER,486167740185,102,3.91,2024-11-07T13:51:00,2024-12-09T19:25:29
Session Peak Ale,PALE_ALE,161585003636,457,23.59,2020-12-11T17:30:35,2022-01-02T22:43:44
Golden Ridge Bock,PILSNER,128719394094,406,19.65,2020-06-18T20:34:30,2023-09-25T09:10:00
Golden Creek Bock,STOUT,290037363353,490,9.15,2023-07-17T22:42:07,2024-07-27T00:55:36
Sweet Ridge Sour,WHEAT,659294805147,339,21.86,2021-02-04T11:54:04,2023-01-14T06:55:34
Session Storm Wheat,WHEAT,985663398499,49,22.99,2022-02-25T00:41:29,2024-03-26T08:17:19
Ancient Lion IPA,PORTER,782150108365,476,19.24,2022-03-16T14:18:44,2023-10-29T16:28:13
Bitter Valley Stout,PORTER,688782356271,401,13.22,2024-09-12T00:00:36,2024-10-24T16:39:11
Rustic Bear Bock,PORTER,348829587568,311,18.44,2022-08-09T04:58:22,2024-03-29T03:53:41
Rustic Raven Gose,ALE,253507648787,234,12.7,2022-06-30T10:57:29,2024-08-21T14:35:36
Frosty Bluff Pilsner,PORTER,406204183714,164,5.75,2022-02-03T08:10:12,2023-04-27T11:23:39
Rustic Creek Pilsner,LAGER,806073175327,278,22.04,2021-11-07T04:35:23,2024-10-13T00:39:29
Sweet Fox Stout,LAGER,734721538501,199,8.36,2021-04-07T22:19:58,2022-07-13T03:04:07
Frosty Dragon Sour,ALE,301176683611,333,6.17,2023-02-02T10:58:50,2024-07-17T05:15:55
Rustic Storm Porter,SOUR,528213522894,196,18.9,2023-01-12T16:37:01,2023-09-18T15:21:13
Smooth Fox Stout,PILSNER,120863442331,422,8.66,2020-07-24T18:02:04,2021-05-26T17:28:27
Frosty Forest Pilsner,GOSE,947742741403,167,23.93,2022-10-24T03:28:32,2024-11-19T07:31:33
Amber Fox Lager,IPA,777786391888,347,21.51,2024-09-22T11:53:11,2024-11-05T16:08:23
Hazy Wolf Lager,GOSE,501949460437,78,14.38,2023-12-19T16:45:00,2024-12-23T09:38:20
Hazy Falcon Ale,IPA,392641949048,143,14.14,2021-03-20T23:14:27,2022-02-20T17:35:14
Dark Creek Stout,LAGER,116472873868,476,5.54,2023-02-26T01:51:58,2023-09-21T20:12:12
Rustic Bluff Lager,GOSE,730007932051,61,24.57,2021-12-10T00:10:00,2022-10-30T20:48:45
Crispy River Wheat,IPA,355748407504,275,21.2,2020-02-03T02:50:51,2024-06-14T02:20:50
Smooth Tiger Ale,PORTER,884026784393,40,6.31,2021-04-28T13:50:46,2023-01-01T16:10:21
Bright Ridge Wheat,WHEAT,584482327317,190,19.9,2024-11-26T11:28:57,2024-12-14T14:58:46
Hoppy Storm Sour,WHEAT,213872559366,476,5.53,2021-08-07T21:59:02,2023-05-14T03:47:27
Smooth Creek Bock,LAGER,277643181475,44,11.4,2024-08-18T10:25:44,2024-11-03T19:48:52
Frosty Bluff Wheat,ALE,130901222267,99,10.69,2023-01-21T21:31:52,2023-02-18T13:40:43
Malty River Wheat,GOSE,674325901627,254,24.7,2022-08-13T07:30:27,2024-02-20T01:58:05
Dark Lion Bock,PILSNER,696191265069,172,14.33,2024-03-12T06:34:51,2024-11-06T22:30:38
Imperial River Ale,IPA,207425199066,274,4.49,2023-11-08T21:26:41,2024-08-12T16:37:54
Session Eagle Gose,SOUR,831805954323,135,17.14,2024-10-30T21:51:28,2024-11-21T00:27:23
Bright Bluff Pilsner,GOSE,069575974699,384,8.67,2021-09-03T16:21:35,2024-02-01T09:40:36
Imperial Eagle Gose,PORTER,550609136599,161,4.14,2020-12-25T21:40:55,2024-10-14T00:53:53
Smooth River Bock,ALE,563897320414,466,20.87,2020-12-21T17:45:51,2023-08-06T23:23:19
Bold Mountain Lager,ALE,434688128912,22,9.66,2023-11-01T22:33:32,2024-12-18T03:24:34
Amber Forest Lager,PILSNER,313967295320,277,20.5,2024-02-05T00:08:31,2024-02-24T03:55:02
Bright Storm Sour,GOSE,102223216567,30,11.27,2023-01-31T22:10:37,2024-04-21T00:41:16
Sweet Wolf Lager,IPA,682148685293,55,6.16,2020-05-27T11:23:04,2021-10-06T14:35:55
Sweet Forest Lager,PORTER,647990311833,471,22.86,2020-03-08T03:47:19,2024-01-29T03:51:05
Hoppy Storm Gose,PILSNER,629105573761,486,17.28,2022-06-12T23:03:07,2024-12-23T02:07:07
Ancient Wolf Ale,PILSNER,060423947286,18,18.17,2024-06-26T08:35:00,2024-07-31T22:26:31
Wild Wolf Gose,SOUR,280633850993,253,22.2,2021-10-22T17:19:16,2022-12-18T06:35:17
Cloudy River Sour,WHEAT,816956484651,490,22.87,2021-11-14T10:57:07,2023-02-04T02:40:30
Ancient Creek Sour,PORTER,077794186662,255,16.0,2021-11-06T17:26:14,2023-03-22T02:48:19
Imperial Valley IPA,GOSE,903997851274,309,13.18,2023-08-05T11:32:55,2023-09-09T02:39:59
Imperial Eagle Porter,SOUR,128011518672,431,22.97,2021-12-01T22:18:55,2022-04-22T21:19:37
Imperial Bluff Sour,GOSE,237345537753,131,4.89,2023-12-27T22:13:14,2024-04-09T21:04:55
Crispy Bluff Porter,IPA,035529921294,158,15.97,2024-02-29T17:40:45,2024-03-26T11:07:49
Cloudy Eagle Gose,WHEAT,795979494031,453,8.59,2022-03-24T00:36:29,2024-11-18T11:49:36
Bitter Dragon Bock,GOSE,027311825081,483,3.09,2023-10-04T15:20:42,2024-05-27T11:36:38
Wild Falcon Ale,IPA,557310356971,479,11.58,2021-08-30T21:55:57,2022-06-06T10:39:11
Bitter Coast Pilsner,PALE_ALE,226955948594,409,3.0,2023-02-21T19:20:25,2023-05-05T19:41:23
Bitter Lion Gose,SOUR,161933755316,75,6.06,2020-05-05T15:28:58,2022-01-09T12:24:11
Frosty Wolf Ale,PALE_ALE,580686842204,144,22.32,2021-08-24T14:21:53,2022-05-01T00:19:26
Bright Mountain Sour,WHEAT,538555265515,5,6.36,2021-06-13T07:19:51,2021-12-27T17:53:50
Frosty Coast Bock,SOUR,221587644951,308,9.43,2023-09-08T05:17:13,2024-06-16T18:23:16
Smooth Tiger Pilsner,STOUT,149875275548,276,23.26,2023-05-22T03:39:55,2024-09-10T06:10:48
Crispy Raven Porter,LAGER,473778385437,213,4.17,2023-01-26T19:45:38,2024-02-21T21:13:28
Hoppy Tiger Ale,STOUT,369710274570,409,13.83,2021-11-11T07:51:18,2024-05-16T15:43:14
Bitter River Lager,IPA,397476738226,125,3.36,2020-12-13T12:33:11,2024-08-12T09:02:31
Malty Raven Lager,PORTER,088751911678,445,3.65,2021-08-22T18:10:48,2023-01-13T01:44:33
Bold Dragon Wheat,STOUT,685069505228,433,10.53,2022-05-22T03:22:49,2023-11-23T16:01:02
Rustic Bluff Pilsner,GOSE,649713315514,238,24.87,2024-05-21T23:41:20,2024-07-25T10:03:36
Hazy Lion Ale,ALE,340820561457,274,18.45,2020-08-16T22:26:26,2021-06-05T21:07:50
Sweet Coast Wheat,PORTER,574139562521,415,9.32,2020-01-16T22:35:41,2023-06-08T17:28:14
Cloudy Lion Ale,PALE_ALE,333500778471,315,11.93,2023-03-01T20:17:41,2023-05-23T16:16:43
Dark Peak Wheat,PILSNER,654672620287,198,11.29,2021-12-14T12:03:45,2022-12-13T05:40:57
Ancient Falcon Bock,PORTER,578500564639,108,22.25,2023-05-05T13:13:32,2024-11-19T22:35:55
Rustic Coast Ale,PALE_ALE,065901556025,485,15.27,2020-12-28T09:25:03,2023-05-29T10:05:42
Imperial Hawk Wheat,WHEAT,110812640611,214,19.17,2023-05-16T15:46:23,2023-11-06T10:29:15
Smooth Mountain Gose,PORTER,043778022353,358,18.06,2022-02-14T19:25:34,2024-06-14T12:11:21
Hazy Lion Stout,IPA,446268011342,27,12.77,2020-01-08T05:01:16,2023-03-29T02:30:26
Frosty Mountain Sour,LAGER,118905259026,380,8.46,2022-05-04T20:30:51,2024-12-02T22:36:54
Smooth Eagle Stout,PORTER,238906050419,389,24.24,2020-02-10T20:33:50,2024-10-17T18:25:32
Sweet Hawk Gose,ALE,063461005743,481,20.52,2021-12-31T01:16:05,2024-06-25T09:30:34
Wild Tiger Lager,GOSE,903804534316,71,13.35,2020-07-16T07:15:08,2024-03-13T03:28:45
Rustic Mountain Gose,SOUR,644978807027,160,20.8,2024-10-27T03:09:22,2024-11-04T05:33:16
Session Hawk Stout,ALE,965727391691,212,24.98,2023-08-14T01:42:30,2023-11-09T16:00:51
Wild Eagle IPA,IPA,126899017685,454,10.26,2023-03-03T22:30:58,2024-10-16T10:20:25
Smooth Ridge Sour,STOUT,643205700115,102,10.52,2024-05-07T03:43:54,2024-10-18T05:29:29
Malty Falcon Porter,IPA,902291987708,353,21.6,2021-05-16T08:34:39,2024-01-14T06:37:03
Golden Peak Gose,PILSNER,721676382998,1,9.02,2024-04-07T02:42:14,2024-08-21T11:22:59
Session Creek Pilsner,PILSNER,288152762363,131,23.95,2024-02-07T10:28:21,2024-06-22T12:27:50
Bitter Coast Lager,PORTER,416519037878,247,22.14,2024-11-15T06:23:37,2024-12-25T19:29:47
Dark Bear Ale,IPA,519724372813,12,15.7,2020-04-26T16:00:00,2020-10-04T14:38:46
Frosty Storm Ale,SOUR,137604187499,109,14.17,2022-12-27T00:59:52,2024-04-01T00:50:09
Rustic Mountain Gose,PORTER,378406840030,245,11.92,2020-02-14T04:50:55,2021-06-21T16:34:52
Dark Tiger Pilsner,LAGER,970306276000,193,23.64,2023-03-13T11:37:00,2024-08-04T20:03:38
Crispy Creek Pilsner,ALE,303508185749,169,10.35,2021-10-31T08:26:39,2024-09-11T09:38:54
Cloudy Raven Gose,PORTER,640928739540,228,16.75,2021-12-19T20:56:37,2022-05-17T10:31:54
Ancient River Pilsner,ALE,074081797688,79,20.65,2021-06-21T08:28:19,2022-11-19T20:50:34
Amber Storm Sour,IPA,873941377331,285,14.17,2022-05-07T16:18:18,2023-05-12T16:52:56
Hazy Creek Lager,PILSNER,662353588377,460,18.06,2024-09-22T19:53:56,2024-12-15T15:33:16
Wild Bear Ale,ALE,370270191044,28,11.97,2022-10-21T18:23:00,2023-11-20T17:20:38
Malty Fox Pilsner,PILSNER,509611309175,294,8.66,2023-04-24T01:33:14,2024-10-29T17:01:10
Smooth Dragon Stout,IPA,080752367218,136,19.76,2022-06-18T18:33:45,2022-07-08T02:29:15
Imperial Valley Pilsner,SOUR,758270060248,407,23.07,2022-06-21T09:29:26,2022-08-15T01:08:29
Hoppy Peak Gose,GOSE,137465611030,171,12.23,2022-11-03T22:52:10,2024-04-21T23:15:03
Bitter Dragon Wheat,PILSNER,443015757594,494,21.78,2020-04-18T11:14:40,2024-02-24T13:47:48
Roasted Ridge Sour,LAGER,131563727080,272,24.63,2022-11-22T13:22:04,2024-07-20T07:56:34
Wild Wolf Bock,PORTER,306184110045,259,17.37,2023-07-25T02:21:42,2024-03-22T00:37:10
Hazy Tiger Stout,PORTER,630669253306,132,20.98,2024-08-21T00:49:46,2024-08-25T11:40:14
Bright Mountain Ale,GOSE,460163543828,441,24.2,2020-07-09T15:23:55,2020-10-03T20:30:08
Malty Creek Sour,LAGER,070299806033,322,19.88,2023-08-07T05:34:31,2023-08-24T16:36:26
Wild Peak Lager,PORTER,762159959631,464,21.43,2022-09-06T20:54:58,2023-02-11T08:50:54
Roasted Coast Wheat,PILSNER,115102409347,91,9.03,2023-04-28T07:31:42,2024-01-19T01:40:42
Amber Raven IPA,PORTER,980158572950,265,18.95,2022-10-15T22:04:35,2024-08-21T15:02:33
Smooth Tiger Ale,PILSNER,867504016317,343,7.71,2021-05-10T23:40:30,2023-08-27T04:28:04
Session Raven Gose,PILSNER,255734878939,318,4.29,2024-10-25T14:33:17,2024-11-29T14:17:12
Cloudy Peak Lager,PORTER,597089464356,74,24.7,2023-02-27T16:37:02,2024-06-05T06:54:26
Frosty Bear Wheat,ALE,957997681472,237,9.96,2024-02-11T06:55:49,2024-10-11T15:38:31
Amber Bluff Sour,PORTER,819158923707,225,9.42,2020-05-30T05:46:07,2024-05-21T08:12:24
Amber Dragon Lager,IPA,369938750933,209,10.09,2023-06-30T08:22:37,2024-10-27T04:24:21
Bold Coast Stout,LAGER,662651229363,312,12.27,2023-05-07T04:48:07,2024-02-08T14:29:15
Ancient Coast Gose,PILSNER,497982942430,410,9.81,2024-07-22T20:18:29,2024-12-14T17:05:26
Malty Creek Porter,ALE,872555681543,405,24.81,2020-06-30T11:29:05,2022-01-15T19:20:05
Crispy Bear IPA,IPA,595442854268,370,22.35,2023-08-14T10:12:52,2024-05-05T03:02:02
Malty Bluff Ale,PORTER,377766349441,252,15.98,2024-08-29T20:48:17,2024-10-07T13:07:56
Imperial Fox Ale,PALE_ALE,436209885447,295,9.97,2020-08-19T02:09:17,2024-07-29T00:18:24
Hazy Bear Wheat,IPA,433066420091,129,18.32,2023-12-23T14:03:52,2024-12-28T06:44:22
Frosty Ridge Wheat,PILSNER,770132366720,186,16.85,2024-12-08T21:55:06,2024-12-09T12:30:13
Rustic Bluff Ale,ALE,437970939365,128,20.93,2021-12-29T05:01:54,2023-11-19T21:07:41
Hoppy Tiger Bock,PORTER,302488131203,24,21.2,2023-09-23T13:43:58,2024-08-02T21:50:29
Dark Bluff Stout,IPA,306799988415,28,21.71,2023-03-17T09:35:09,2024-02-12T03:05:58
Amber Fox Ale,ALE,756500184280,415,19.17,2020-10-08T00:10:36,2024-09-11T12:27:39
Hoppy Bluff Bock,SOUR,097978018573,102,7.5,2021-05-07T16:48:30,2021-10-05T07:50:55
Golden Creek IPA,PORTER,008605009427,174,16.54,2020-08-07T16:46:28,2024-04-11T09:54:47
Wild Coast Stout,STOUT,716955819376,91,6.11,2022-01-15T06:08:55,2024-03-10T01:33:08
Bold Forest Bock,PORTER,596452098438,360,5.19,2023-01-08T13:00:06,2024-10-21T18:04:18
Hazy Ridge IPA,ALE,848355376599,477,14.02,2023-07-26T22:31:49,2024-10-04T22:43:11
Session Tiger Pilsner,ALE,694066726727,435,19.79,2021-09-27T14:58:52,2024-09-13T23:47:50
Frosty Tiger Lager,IPA,574729195187,284,20.04,2020-01-30T11:20:03,2022-08-18T02:09:29
Dark Wolf IPA,STOUT,322621105146,484,11.89,2022-10-04T22:42:39,2023-11-26T09:21:53
Ancient Valley Ale,ALE,567537581449,456,19.89,2024-01-09T03:25:20,2024-10-14T22:16:33
Ancient Storm IPA,PILSNER,089089020407,212,16.94,2020-06-26T12:44:22,2024-09-30T20:57:25
Wild Dragon IPA,PORTER,437890712155,343,21.3,2022-09-15T05:32:49,2024-10-21T01:45:43
Bright Peak Lager,STOUT,658296262087,467,21.46,2022-03-23T05:00:33,2023-12-26T04:21:36
Roasted Valley IPA,ALE,517835342413,75,11.09,2024-01-10T22:33:22,2024-07-05T07:26:59
Hazy Coast Wheat,GOSE,312711035416,211,20.88,2024-01-13T03:35:14,2024-07-18T12:04:55
Dark River Lager,IPA,161523145344,72,6.61,2020-01-25T21:08:34,2020-12-01T01:29:41
Roasted Ridge Bock,PORTER,755519140919,332,4.18,2023-08-27T11:54:24,2024-09-09T05:37:15
Hazy Falcon Sour,PILSNER,265793530924,459,15.15,2023-01-09T13:43:15,2023-11-13T06:07:04
Session Raven Stout,PALE_ALE,942538668100,173,6.32,2024-06-16T17:04:59,2024-09-08T11:23:37
Roasted Hawk Pilsner,LAGER,772988308759,215,11.02,2022-11-13T16:04:55,2024-04-21T23:15:59
Amber Hawk Pilsner,PILSNER,053757606711,358,6.55,2020-08-15T11:49:25,2023-06-09T12:46:50
Hoppy Falcon Pilsner,WHEAT,110393606614,139,21.6,2020-05-07T16:32:39,2021-10-26T18:55:10
Bright Falcon Porter,LAGER,811083033248,245,10.01,2024-04-04T20:40:11,2024-06-21T21:18:15
Golden Mountain Bock,PILSNER,619834244170,327,10.1,2024-04-17T17:10:41,2024-09-23T21:55:15
Rustic Eagle Stout,PALE_ALE,023456138974,262,23.5,2024-09-28T18:29:15,2024-11-09T06:10:05
Cloudy Hawk Pilsner,IPA,846864687244,249,9.73,2022-11-20T12:55:16,2024-08-29T13:52:33
Hazy Peak Bock,PALE_ALE,361134174360,255,20.02,2024-01-07T21:20:36,2024-06-01T10:20:58
Bitter Falcon IPA,STOUT,751556444059,414,23.54,2024-03-13T12:04:01,2024-04-15T20:33:27
Bold Bear Lager,PALE_ALE,514923184682,206,16.37,2021-07-11T05:49:33,2022-06-24T09:08:12
Wild Storm Gose,PALE_ALE,929971490250,35,6.34,2021-02-17T12:56:13,2021-04-30T15:38:09
Sweet Raven Lager,GOSE,526047205928,171,15.72,2020-03-20T04:57:55,2022-10-18T12:12:03
Wild Falcon Sour,PILSNER,872529541395,401,5.12,2020-01-01T02:36:12,2022-09-27T08:58:48
Bitter Valley IPA,LAGER,243123659152,64,7.87,2022-08-23T16:57:15,2023-05-12T14:00:45
Smooth Hawk Gose,PALE_ALE,891358020298,89,23.96,2024-01-10T17:47:42,2024-06-13T22:48:48
Smooth Raven Bock,ALE,406097391116,407,4.46,2024-12-03T12:45:53,2024-12-22T14:14:44
Bright Eagle Pilsner,PALE_ALE,706360352566,140,7.35,2022-01-18T04:27:14,2022-05-24T11:08:40
Hoppy Dragon Wheat,WHEAT,669620298674,385,11.21,2020-04-19T12:11:40,2022-04-08T15:50:22
Frosty Peak Sour,PILSNER,056930982845,232,24.59,2024-10-15T15:10:40,2024-12-06T13:49:07
Cloudy Eagle Wheat,LAGER,484051163207,386,6.44,2024-12-20T08:21:29,2024-12-21T05:07:35
Dark Peak Wheat,LAGER,048817705449,341,24.9,2024-08-12T17:53:42,2024-12-02T12:33:58
Ancient Eagle Gose,GOSE,006162560947,165,11.41,2020-07-06T04:07:50,2024-09-06T13:58:26
Ancient Coast Bock,SOUR,778783776601,426,13.98,2020-07-26T00:29:27,2021-04-14T23:17:46
Session Ridge Porter,PILSNER,269010238799,42,11.51,2021-12-21T02:38:58,2023-04-04T11:22:39
Imperial Tiger Wheat,PALE_ALE,235078331429,457,18.49,2024-05-13T02:36:18,2024-08-02T20:54:24
Dark Dragon Sour,LAGER,495721626527,344,8.5,2023-06-09T13:45:18,2024-02-02T09:21:23
Session Wolf Sour,PORTER,420242766886,298,15.2,2020-01-20T12:35:36,2021-08-24T21:13:36
Hoppy Lion Ale,WHEAT,411335527719,137,12.01,2022-08-01T02:02:20,2023-05-26T00:53:19
Amber Tiger IPA,PORTER,544745702571,445,12.73,2023-03-31T01:40:38,2023-06-22T18:04:18
Dark Coast Gose,ALE,233797175174,238,13.99,2021-09-17T17:59:25,2024-02-22T21:38:30
Sweet Coast Gose,PORTER,584241742488,494,4.31,2021-12-14T04:22:43,2024-02-21T21:18:25
Imperial Valley Pilsner,STOUT,182805573492,287,7.12,2023-04-14T05:50:35,2024-02-28T19:45:51
Bitter Dragon Porter,GOSE,982072959420,272,19.15,2023-07-30T06:21:14,2024-05-12T15:49:13
Bright Creek Wheat,GOSE,909654580205,84,9.37,2020-06-15T00:02:00,2024-02-02T11:46:13
Bright Forest Ale,IPA,872745389378,61,22.57,2022-09-24T20:28:02,2023-05-08T12:01:43
Crispy Fox Pilsner,SOUR,207057275804,153,20.91,2020-06-17T21:58:18,2020-10-03T11:53:53
Imperial Lion Stout,STOUT,171014420563,485,22.49,2024-12-19T16:16:32,2024-12-22T14:39:59
Dark Eagle Sour,SOUR,290951106733,73,13.93,2023-11-19T17:17:44,2024-05-09T21:06:08
Crispy Lion Gose,PALE_ALE,709978764098,377,18.12,2021-07-18T22:24:59,2023-02-25T09:58:51
Rustic Falcon Stout,IPA,893077678047,188,20.69,2023-09-08T10:07:32,2023-09-22T22:09:51
Roasted Hawk Sour,ALE,198273759478,172,11.68,2022-07-08T14:18:45,2022-09-06T13:31:21
Wild Bear Gose,PALE_ALE,126882226690,460,8.83,2023-03-17T15:40:49,2024-03-22T16:58:16
Roasted Creek Wheat,SOUR,932134314093,132,7.38,2023-04-30T01:33:56,2023-12-04T23:30:16
Smooth Ridge Gose,PORTER,595592002895,173,9.83,2022-12-05T00:05:16,2024-08-15T18:37:55
Ancient Fox Ale,IPA,789671662787,355,23.64,2023-02-24T06:50:33,2024-11-05T16:58:03
Wild Creek Stout,PILSNER,504560398137,414,19.65,2024-12-13T07:10:38,2024-12-24T19:58:26
Crispy Mountain Ale,PILSNER,363252911799,295,21.17,2024-06-15T02:47:29,2024-10-15T09:56:06
Imperial Storm Ale,GOSE,114819904638,158,20.67,2020-04-19T05:14:12,2023-09-24T12:22:44
Amber Coast Ale,PALE_ALE,206545135552,372,7.65,2024-03-16T22:51:48,2024-11-20T01:27:33
Sweet River Wheat,LAGER,497822067360,118,12.31,2023-06-16T19:01:39,2024-06-01T21:17:05
Cloudy Peak Stout,PALE_ALE,521856298432,324,11.02,2021-02-24T03:17:40,2023-06-17T17:45:46
Session Wolf Lager,WHEAT,291912294265,293,3.24,2024-10-04T14:13:48,2024-11-05T03:36:12
Bright Wolf IPA,ALE,747753044474,188,14.12,2023-03-16T13:55:51,2024-02-12T17:43:44
Bitter Ridge Bock,STOUT,330189262121,372,3.89,2021-11-14T00:12:02,2024-03-13T14:47:11
Hazy Falcon Stout,ALE,614203839551,197,23.79,2024-03-12T15:43:58,2024-12-24T13:47:59
Session Forest Stout,IPA,267981570924,88,22.92,2023-01-18T09:12:39,2023-10-16T16:01:40
Bold Wolf Ale,GOSE,510657296604,437,9.48,2021-01-13T06:45:17,2021-12-07T14:31:30
Golden Lion Lager,SOUR,330112850121,408,17.21,2021-08-07T07:22:45,2023-11-08T17:38:01
Rustic Dragon Lager,IPA,450055610311,243,15.85,2024-04-08T01:00:35,2024-07-16T07:57:26
Hoppy Raven Lager,SOUR,370630122858,374,6.66,2023-02-28T23:53:07,2023-11-22T11:07:45
Sweet Falcon Bock,LAGER,120971474308,247,5.87,2020-01-14T01:55:29,2020-07-13T09:26:31
Wild Creek Porter,GOSE,556608018615,453,20.55,2024-01-13T03:16:50,2024-11-06T16:30:18
Cloudy Peak Ale,WHEAT,143420852200,42,14.11,2023-06-29T21:17:48,2024-06-01T08:35:41
Rustic River Ale,WHEAT,766147659539,206,4.11,2024-09-14T12:12:33,2024-09-23T20:03:36
Smooth Raven Ale,PILSNER,466087836550,172,6.39,2022-06-21T04:15:47,2023-09-28T12:38:53
Amber Wolf IPA,ALE,204236002471,292,8.08,2021-11-24T20:38:24,2022-08-21T01:45:43
Crispy Fox IPA,PALE_ALE,224657954296,245,9.79,2023-07-03T09:04:35,2024-11-18T17:03:45
Sweet Mountain Pilsner,PALE_ALE,124964141719,242,3.99,2023-05-27T13:18:26,2024-02-11T08:43:29
Rustic Wolf Porter,STOUT,313659614603,388,21.55,2021-09-22T06:06:01,2023-12-09T10:10:34
Smooth Creek Ale,PORTER,074811142299,134,8.02,2023-07-12T07:36:13,2024-10-01T05:17:46
Crispy River Stout,IPA,980983666326,217,9.17,2023-07-10T14:58:07,2023-10-17T13:44:31
Bright Storm Stout,WHEAT,586870815684,290,14.98,2022-10-27T02:41:20,2022-12-09T07:12:36
Sweet Bluff IPA,SOUR,293846569034,392,21.83,2020-12-13T12:37:16,2024-08-03T05:51:25
Hoppy Creek Ale,GOSE,239176099083,378,4.03,2024-10-10T07:43:06,2024-10-25T00:27:37
Crispy Fox IPA,LAGER,982539419800,409,21.41,2021-10-25T00:14:35,2023-07-28T14:04:23
Hazy Fox IPA,IPA,382289975449,500,13.15,2020-07-11T00:02:59,2022-04-19T15:02:12
Smooth Storm Lager,WHEAT,099737748069,370,16.46,2021-09-15T07:55:03,2021-10-24T19:44:21
Frosty Peak Gose,STOUT,392532492949,221,21.28,2021-01-04T23:09:11,2024-09-13T21:59:19
Rustic Raven Bock,ALE,292824857783,211,10.05,2021-02-19T19:59:58,2022-11-09T20:01:19
Smooth Forest Sour,IPA,624081552764,304,15.33,2021-06-15T06:20:07,2022-06-22T18:52:16
Imperial Coast Pilsner,LAGER,129324330811,219,6.69,2022-01-07T04:27:25,2022-11-04T04:30:28
Imperial Mountain IPA,SOUR,266802806868,43,14.78,2023-09-07T15:38:51,2024-10-04T18:01:28
Bitter Storm Ale,PALE_ALE,060362144919,83,9.93,2024-01-08T01:33:19,2024-08-17T08:02:05
Hazy Creek Ale,PORTER,256904347285,205,15.44,2023-11-17T13:25:06,2023-11-29T05:43:43
Hazy Dragon Gose,SOUR,262786323506,42,9.2,2022-03-10T08:05:20,2024-01-09T04:57:17
Ancient Bluff Lager,WHEAT,003517679275,297,18.04,2020-07-11T05:43:00,2024-06-30T21:18:13
Bitter Dragon Lager,PORTER,537105233016,158,14.89,2020-07-26T12:58:37,2021-05-09T11:56:54
Roasted Fox Stout,LAGER,604573474388,282,14.18,2023-09-12T21:24:45,2024-09-30T09:18:18
Hoppy Mountain Sour,WHEAT,258299839068,51,18.49,2022-08-30T11:36:28,2023-05-02T22:50:21
Sweet Ridge Wheat,PORTER,911217109569,460,24.53,2023-02-08T19:22:24,2024-03-04T19:54:38
Cloudy Fox Ale,PILSNER,403975179088,387,14.24,2023-10-15T15:08:33,2024-11-18T05:56:41
Rustic Dragon Pilsner,PALE_ALE,844500832443,163,23.98,2023-10-13T00:38:16,2024-06-21T05:59:00
Frosty Ridge Porter,WHEAT,381851801226,306,11.19,2023-07-02T13:42:02,2024-07-19T09:51:17
Rustic Coast Bock,SOUR,013409775429,263,14.05,2022-12-04T09:49:46,2023-05-19T22:56:26
Bitter Eagle Stout,PALE_ALE,789904365417,294,22.53,2021-04-05T12:58:21,2022-03-06T05:06:20
Smooth Valley Porter,PILSNER,670516636867,19,13.67,2021-11-26T07:50:01,2021-12-06T01:26:18
Golden Creek Stout,IPA,739691912867,341,7.89,2021-03-31T00:27:28,2023-08-24T11:42:47
Amber River Stout,IPA,434935983701,294,11.8,2024-09-05T04:41:51,2024-11-27T00:16:53
Bright Peak Stout,SOUR,109208364126,143,17.88,2024-10-17T01:46:20,2024-12-26T18:34:35
Cloudy Ridge Stout,SOUR,783590888797,242,3.16,2021-11-15T12:06:48,2021-12-10T18:18:14
Frosty Tiger Wheat,SOUR,850046987469,431,16.55,2022-06-29T07:08:51,2024-10-09T01:51:33
Cloudy Bluff Bock,PORTER,573132692954,234,11.59,2022-10-07T07:39:52,2023-12-04T13:54:18
Frosty Coast Porter,ALE,950777784804,366,6.84,2020-03-20T02:58:12,2021-02-07T04:42:43
Crispy Raven Sour,PORTER,389892656906,39,21.12,2022-02-08T17:51:44,2022-05-05T23:36:06
Ancient Dragon Sour,LAGER,060431402574,403,12.47,2024-07-08T15:34:16,2024-11-29T10:59:39
Smooth Bear Sour,STOUT,983724748030,426,4.85,2024-02-11T22:52:29,2024-10-27T23:52:19
Sweet Hawk Bock,PORTER,756863836640,453,7.38,2024-08-03T21:29:30,2024-10-18T08:09:36
Bright Falcon Gose,SOUR,903280129767,221,9.54,2022-09-22T08:16:33,2024-11-05T05:47:18
Ancient Falcon Ale,IPA,590156966630,495,19.4,2020-04-20T23:06:40,2022-08-24T10:15:00
Amber Wolf Lager,IPA,954565853669,7,24.11,2023-08-04T07:15:06,2024-04-23T01:41:22
Sweet Mountain IPA,IPA,606386250773,322,19.01,2021-04-06T19:15:26,2022-11-25T02:25:03
Session Bluff Gose,WHEAT,803761043042,173,9.0,2021-03-13T03:13:07,2024-07-29T00:31:19
Crispy Lion Ale,WHEAT,052345295155,60,11.85,2020-03-12T06:55:45,2020-05-21T19:25:51
Frosty River Wheat,ALE,928818632074,438,7.98,2021-03-12T14:56:02,2021-05-02T06:45:57
Golden Tiger Porter,PILSNER,227189117774,308,7.9,2022-08-16T20:14:16,2023-05-29T11:52:34
Session Peak Sour,ALE,622535678521,97,24.56,2023-11-22T07:15:55,2024-12-24T08:58:46
Session Tiger Stout,PORTER,343951516065,453,11.3,2020-07-28T18:27:55,2022-08-04T19:41:08
Golden Lion Stout,GOSE,489216366993,472,3.93,2023-12-11T02:23:16,2024-11-18T06:56:55
Session Fox Sour,SOUR,900249151838,218,15.91,2024-01-12T18:25:52,2024-12-26T23:23:33
Session Dragon Stout,GOSE,701692323280,141,3.3,2023-04-13T13:45:26,2023-10-06T05:11:53
Roasted River Pilsner,PORTER,906018476682,92,12.06,2022-01-14T18:05:11,2023-01-09T10:23:55
Ancient Ridge IPA,SOUR,869218753039,103,9.77,2023-09-09T16:40:34,2023-10-08T21:31:26
Smooth River Porter,ALE,551443476070,24,9.45,2022-07-11T11:38:32,2023-11-11T10:54:17
Hoppy Mountain Bock,STOUT,763398983219,392,5.46,2024-02-22T00:16:40,2024-10-30T12:17:49
Imperial Forest Lager,WHEAT,087014458335,203,20.4,2023-12-28T05:55:55,2024-05-09T18:06:26
Imperial Eagle Bock,STOUT,240162379497,297,11.99,2021-07-19T21:27:29,2022-04-24T20:48:02
Hoppy Fox Pilsner,STOUT,781922122604,93,8.15,2024-11-19T00:50:50,2024-12-29T21:18:44
Roasted Coast Bock,IPA,397940438755,96,12.67,2023-07-23T04:23:24,2024-06-22T09:50:50
Cloudy Lion Stout,STOUT,626001789724,17,5.21,2022-09-12T08:37:38,2024-06-11T11:04:18
Crispy Bear Bock,WHEAT,722467470501,256,7.72,2022-04-19T18:42:17,2024-11-17T06:03:37
Wild Creek Sour,ALE,382313170996,221,3.14,2023-05-05T23:07:48,2024-07-01T04:27:22
Sweet Coast Sour,LAGER,463228955726,236,4.79,2023-07-22T00:36:20,2023-08-18T15:45:50
Cloudy Hawk Porter,GOSE,178809402114,458,24.03,2024-01-23T10:38:57,2024-07-17T21:55:37
Bitter Lion Sour,PALE_ALE,415708008615,189,19.63,2023-06-03T12:23:55,2024-09-06T10:09:55
Dark Bear Lager,STOUT,398667264536,280,20.54,2022-03-25T08:27:07,2022-06-10T22:23:15
Wild Storm Wheat,LAGER,640578214831,155,20.1,2022-07-28T15:22:10,2024-11-08T04:34:19
Imperial Fox Ale,PILSNER,462698003652,0,11.21,2023-11-20T01:21:03,2024-04-28T10:21:10
Sweet Storm Gose,LAGER,210648687515,284,8.18,2021-06-30T09:21:26,2021-08-20T04:21:29
Wild Raven IPA,PALE_ALE,443581563597,330,3.97,2021-08-18T15:22:51,2023-06-06T09:07:42
Bright Bear Gose,PILSNER,875210523381,331,21.01,2023-01-28T20:58:10,2024-09-25T19:50:49
Cloudy River Sour,PILSNER,662416395593,160,16.93,2023-06-02T02:53:32,2024-01-16T09:55:36
Wild Valley IPA,ALE,596829465605,444,17.08,2024-02-20T17:36:09,2024-12-26T01:33:32
Cloudy Peak IPA,STOUT,137423233397,189,8.0,2021-10-15T13:54:02,2024-09-28T05:15:25
Frosty Raven Ale,IPA,781398195208,269,11.95,2023-06-20T03:17:43,2023-09-19T20:03:56
Golden Hawk Stout,PORTER,510433593950,20,11.56,2020-03-16T08:45:25,2024-05-30T10:02:16
Amber Peak Sour,LAGER,842268908777,148,18.47,2022-11-11T09:48:27,2024-08-25T15:02:21
Wild Ridge Bock,ALE,006452711042,474,10.77,2022-01-23T17:29:47,2024-10-06T20:33:59
Hazy Fox Stout,PORTER,097754433462,429,13.97,2023-11-28T19:34:16,2024-04-15T22:23:42
Bitter Tiger Pilsner,SOUR,005333710900,476,12.66,2020-12-06T17:46:07,2021-02-26T19:14:57
Rustic Bluff Gose,GOSE,399849802973,340,6.13,2020-01-13T01:04:56,2024-12-26T05:45:20
Golden Falcon Bock,WHEAT,475096746236,418,20.37,2024-02-24T00:18:42,2024-09-01T15:35:21
Hazy Valley Porter,LAGER,967320022941,255,24.23,2022-11-27T00:13:35,2024-11-16T03:11:41
Malty Coast Bock,WHEAT,083001950302,211,11.79,2020-08-03T02:05:55,2021-07-19T19:05:07
Wild Mountain Wheat,WHEAT,839924420282,51,23.94,2021-12-19T10:25:22,2023-06-01T13:04:21
Bold Hawk Sour,ALE,069920031116,72,3.97,2020-06-25T00:59:31,2022-09-21T21:01:23
Sweet Creek Stout,ALE,254087402872,160,11.13,2020-10-07T03:21:24,2023-09-13T13:30:46
Wild Fox Lager,PORTER,307877756464,134,15.49,2023-05-25T17:50:02,2023-12-09T17:52:31
Smooth Storm Pilsner,PILSNER,457715046234,281,7.45,2021-07-04T20:45:42,2022-06-02T11:46:43
Crispy Coast Porter,SOUR,584120282111,143,17.53,2024-05-31T03:54:43,2024-09-04T17:26:36
Malty Mountain Stout,PALE_ALE,771529178263,419,11.95,2021-02-17T09:47:49,2024-05-23T20:39:43
Roasted Creek Wheat,LAGER,969825147327,355,15.29,2020-02-09T00:19:30,2022-07-23T12:52:26
Golden Peak Gose,ALE,559207779935,343,14.82,2024-07-06T05:39:06,2024-07-06T15:13:05
Frosty Bluff Wheat,WHEAT,384608374671,323,14.33,2024-12-11T18:05:47,2024-12-16T19:26:30
Frosty Coast Sour,PORTER,111852375553,448,23.14,2024-05-05T06:48:58,2024-07-19T06:27:34
Sweet Peak Lager,ALE,692557398380,38,5.57,2022-03-14T12:30:31,2022-09-17T04:15:11
Imperial Eagle Bock,PORTER,019315915685,437,8.57,2022-07-24T08:17:52,2022-11-18T00:38:14
Hoppy Peak Stout,PALE_ALE,379785894363,63,4.93,2020-03-05T14:25:01,2021-12-10T21:25:28
Bold Eagle Wheat,ALE,160412997131,251,5.67,2020-01-01T05:00:44,2021-07-11T07:13:23
Roasted Falcon Lager,ALE,226321056280,315,17.69,2020-12-20T15:57:35,2021-01-08T21:07:07
Ancient Storm Lager,PORTER,878183987112,130,6.65,2022-06-17T03:16:43,2022-07-03T06:04:16
Bright Storm Porter,IPA,564401006860,327,24.3,2020-07-07T10:46:07,2022-03-25T23:26:04
Frosty Peak Gose,PORTER,257908724649,263,10.43,2024-03-11T12:45:30,2024-07-24T06:26:35
Frosty Bluff Pilsner,WHEAT,292542662203,154,20.66,2021-10-30T01:19:44,2022-10-20T02:52:13
Bold Dragon Porter,GOSE,847444732780,15,8.49,2023-11-13T15:20:19,2024-01-14T03:57:57
Sweet Creek Wheat,ALE,132715433491,189,17.73,2023-05-22T18:55:14,2024-09-23T11:15:03
Golden Dragon Stout,PILSNER,316972951522,10,13.15,2023-12-11T15:11:20,2024-06-06T11:32:19
Wild Fox Gose,WHEAT,854617954307,494,10.48,2024-01-16T20:05:36,2024-03-30T16:28:43
Ancient Lion Gose,ALE,398080789821,451,3.08,2021-06-20T10:11:58,2023-02-06T01:17:54
Cloudy Storm Pilsner,STOUT,831063970996,465,17.2,2024-03-30T21:07:26,2024-05-30T03:30:15
Ancient Forest Stout,LAGER,016515229115,323,7.22,2024-02-08T04:42:13,2024-12-08T15:42:28
Crispy Eagle Sour,PILSNER,264061156432,436,17.18,2020-05-10T14:25:46,2021-06-13T00:50:34
Crispy Bear Gose,LAGER,046327646129,100,8.86,2020-04-13T20:44:50,2022-01-02T21:13:09
Hoppy River Stout,STOUT,976434361467,273,17.01,2022-11-20T20:24:49,2023-10-08T04:23:42
Hazy Fox IPA,ALE,493733098381,75,14.59,2023-12-14T20:49:31,2024-09-08T19:22:39
Hazy Raven Porter,GOSE,728153573867,263,6.85,2024-12-30T10:41:10,2024-12-30T13:08:52
Sweet Storm Stout,WHEAT,563164946406,75,4.45,2020-05-05T13:22:44,2024-04-17T21:06:33
Crispy Dragon Lager,GOSE,552129446538,241,4.86,2021-11-30T17:56:02,2022-03-20T18:28:40
Crispy Bear Bock,ALE,006042078736,493,23.68,2023-09-10T06:38:18,2024-06-03T09:18:49
Imperial Bluff Stout,ALE,938769780811,224,11.56,2020-05-08T14:11:52,2021-11-12T04:33:39
Rustic Raven Ale,PILSNER,244758400715,353,5.37,2022-01-17T14:27:11,2023-01-18T20:07:56
Smooth Hawk Ale,WHEAT,164081428488,286,4.12,2021-05-16T00:46:08,2024-12-18T05:02:02
Bold River Bock,PALE_ALE,046126952967,186,19.16,2022-01-31T19:16:59,2024-09-17T02:46:14
Smooth Peak Stout,LAGER,813559136181,66,17.14,2022-09-14T23:04:38,2024-12-29T14:26:07
Amber Lion Porter,PILSNER,987822200831,112,10.11,2020-06-21T06:40:38,2024-09-13T22:57:43
Roasted Bluff Lager,PILSNER,005108553812,379,19.8,2022-01-20T15:42:28,2024-05-09T09:39:45
Golden Tiger Ale,ALE,019237420023,288,18.02,2023-10-26T16:22:53,2024-02-07T09:18:14
Amber Dragon Wheat,LAGER,647535266949,247,22.62,2023-03-26T22:03:16,2024-10-09T21:29:21
Malty Hawk Porter,WHEAT,088698880662,25,16.47,2024-10-25T22:28:30,2024-11-28T22:37:39
Hoppy Hawk Ale,GOSE,875784303647,1,12.03,2023-06-01T15:18:34,2023-12-15T19:26:47
Sweet Coast Pilsner,PALE_ALE,984705892312,174,3.5,2022-04-18T15:54:28,2024-01-23T18:48:05
Imperial Bear Bock,PALE_ALE,392440719907,396,20.61,2023-11-24T21:04:54,2024-09-01T03:45:33
Smooth Wolf Ale,PORTER,465357422318,356,17.83,2021-03-28T22:44:57,2023-03-03T18:58:46
Golden Ridge Gose,IPA,159065558486,312,13.54,2021-11-17T09:41:43,2023-11-09T05:34:57
Dark Forest Sour,STOUT,533723939603,279,23.63,2021-05-22T02:44:55,2023-05-10T10:57:33
Wild Hawk Porter,LAGER,859536688625,478,13.63,2023-05-27T09:31:56,2024-03-01T19:53:55
Roasted Raven Porter,IPA,377459385692,387,13.58,2022-10-06T05:59:50,2023-08-02T15:16:08
Frosty Lion Stout,PILSNER,383116890041,374,11.57,2024-02-05T12:44:42,2024-08-21T13:37:46
Roasted Hawk Lager,GOSE,328123785690,357,17.39,2022-03-11T04:33:21,2022-05-11T00:35:28
Bright Fox Gose,GOSE,034606513604,2,9.98,2020-12-01T09:22:12,2024-04-10T03:16:26
Hazy Tiger Bock,PALE_ALE,630146434738,55,5.6,2021-12-17T03:39:46,2023-07-31T06:08:49
Sweet Eagle IPA,PILSNER,282545623769,120,17.6,2021-12-03T16:17:47,2022-01-26T08:04:40
Amber Hawk Wheat,SOUR,459270373194,74,24.86,2021-04-26T21:10:55,2023-10-03T05:37:07
Ancient Raven Sour,PALE_ALE,007596287743,66,24.64,2020-07-07T04:29:27,2023-06-04T08:56:40
Crispy Bear Porter,GOSE,897091329027,160,10.45,2023-06-20T04:55:07,2024-07-13T05:38:36
Golden Valley Stout,PALE_ALE,127002568182,300,16.7,2021-10-28T14:55:10,2023-08-09T20:53:01
Cloudy Forest Lager,STOUT,084196341639,388,17.59,2024-03-04T13:56:25,2024-03-07T02:49:43
Session Valley Bock,GOSE,967751668548,287,13.29,2022-03-23T20:09:17,2022-10-31T10:13:29
Sweet Forest Bock,GOSE,339607729062,34,21.78,2023-02-14T18:57:16,2024-03-21T10:37:10
Bright Peak Ale,LAGER,448277637446,406,3.96,2021-06-09T01:08:22,2022-05-01T18:10:56
Amber Storm Ale,PALE_ALE,361997727609,420,12.39,2023-06-27T03:20:14,2024-01-13T23:47:41
Bitter Fox IPA,LAGER,484712565605,384,23.57,2021-11-04T00:04:39,2023-08-16T06:17:51
Bitter Falcon Ale,ALE,845624786374,283,15.48,2021-03-03T23:00:33,2022-11-04T06:14:18
Wild Bluff Gose,GOSE,345625573264,258,10.95,2024-09-30T14:44:53,2024-10-15T17:07:29
Cloudy Eagle Pilsner,PILSNER,929787959477,137,12.43,2021-01-08T05:54:41,2021-12-17T10:24:37
Amber Eagle Pilsner,PILSNER,531147791807,285,23.35,2020-11-28T05:07:09,2021-05-25T01:15:43
Malty Mountain Gose,PILSNER,482031611239,374,18.26,2020-02-06T12:37:41,2024-08-06T05:09:56
Rustic Hawk Lager,PILSNER,346888165997,375,14.54,2020-01-16T16:52:45,2023-07-18T05:28:49
Malty Eagle Lager,GOSE,033268156204,342,7.1,2020-03-08T19:14:34,2021-08-10T10:57:13
Bitter Bluff Pilsner,LAGER,604419339359,48,19.82,2023-03-21T17:30:41,2023-06-20T03:06:25
Bold Fox Lager,ALE,058874395145,221,19.65,2020-08-12T07:12:14,2022-12-05T14:40:57
Malty Dragon IPA,LAGER,363443572161,181,24.37,2023-06-22T00:06:30,2023-12-20T14:24:21
Wild Wolf Lager,GOSE,295702852336,471,22.17,2022-02-16T15:26:50,2024-12-26T07:32:03
Hazy Creek Stout,GOSE,631090924837,191,22.52,2021-08-25T10:36:07,2024-04-07T06:44:30
Session Bear Wheat,SOUR,186792849524,257,15.86,2020-01-08T06:53:38,2020-11-10T10:51:30
Roasted Peak Bock,WHEAT,991147548645,151,18.36,2022-05-12T12:59:00,2022-10-14T01:48:59
Bitter Fox Lager,PALE_ALE,488856499074,77,3.72,2020-06-03T13:29:43,2022-11-30T18:35:46
Smooth Bear Wheat,GOSE,525854944227,104,16.87,2022-02-12T07:51:59,2022-08-15T18:02:41
Dark Bluff Wheat,STOUT,555945094804,147,18.37,2020-05-09T21:22:27,2024-05-25T12:57:16
Amber Lion Stout,IPA,323263498775,193,19.36,2024-03-18T17:17:15,2024-05-20T11:20:57
Malty Eagle Bock,WHEAT,490219907529,214,4.67,2021-01-20T03:50:15,2024-11-18T20:56:15
Wild Tiger IPA,PALE_ALE,841371110785,342,10.89,2021-02-14T07:01:48,2023-01-16T01:43:17
Wild Creek Pilsner,PALE_ALE,625191432648,491,20.02,2021-06-21T11:17:09,2023-02-26T03:02:42
Rustic Creek Ale,WHEAT,875382324909,435,12.67,2024-07-15T21:46:11,2024-07-20T22:33:45
Bold Coast Wheat,IPA,759245130569,130,17.29,2024-08-03T20:27:38,2024-12-19T06:03:03
Hoppy Raven Sour,LAGER,241319803809,201,19.31,2021-04-02T23:18:16,2021-05-18T04:47:32
Smooth River Lager,IPA,231409259027,131,19.31,2020-10-31T08:27:09,2024-10-10T08:20:17
Ancient Tiger Bock,IPA,822277020576,421,15.36,2020-12-19T06:18:15,2023-11-17T06:59:50
Bold Bluff Gose,STOUT,954514173602,394,13.9,2024-06-02T21:47:21,2024-08-09T11:46:37
Hoppy Tiger Ale,ALE,914937140600,119,3.4,2021-07-03T09:53:33,2024-04-18T06:34:28
Sweet Hawk Stout,STOUT,485906364513,322,18.89,2023-04-27T08:52:12,2024-07-11T08:39:45
Cloudy Storm Lager,WHEAT,771014266097,1,6.44,2023-07-04T23:50:06,2024-01-07T13:30:28
Malty Mountain Wheat,GOSE,614715868748,33,3.2,2023-10-10T02:22:28,2024-03-01T11:50:36
Golden Storm Ale,IPA,079653179653,40,10.04,2021-02-08T22:52:48,2022-06-17T04:34:08
Bold Dragon Gose,PILSNER,737774130882,489,12.04,2022-09-26T00:05:06,2023-04-14T18:55:51
Cloudy Dragon Porter,STOUT,866124343832,287,8.72,2023-12-02T13:31:46,2024-08-27T10:53:28
Bright Lion IPA,GOSE,724726356380,180,11.37,2023-10-05T14:11:05,2024-10-20T23:41:40
Ancient Fox IPA,PORTER,591307513338,108,24.5,2022-06-05T13:50:41,2023-10-29T03:37:32
Crispy Raven Stout,LAGER,497373077919,100,12.5,2024-07-11T16:32:50,2024-12-13T19:37:12
Bold Coast Ale,STOUT,850168231169,70,5.61,2020-06-02T14:18:41,2021-07-25T06:03:52
Wild Bluff Bock,PILSNER,381312216989,381,14.41,2021-05-29T03:53:51,2024-08-07T22:50:07
Smooth Ridge Sour,SOUR,513968040817,236,7.84,2024-02-05T16:25:32,2024-05-02T12:52:34
Ancient Fox Gose,WHEAT,848619257028,296,13.89,2024-03-14T12:52:24,2024-12-21T03:33:33
Hazy Bluff Porter,SOUR,799369502160,308,23.16,2020-03-05T00:50:53,2024-11-06T03:15:26
Wild Forest IPA,PILSNER,502759026593,362,18.71,2021-06-25T19:59:56,2023-09-22T21:40:45
Dark Forest Sour,PILSNER,015040250468,423,11.89,2024-03-15T03:08:09,2024-03-15T17:11:50
Bitter Coast Lager,STOUT,284896428423,388,15.71,2024-03-08T07:50:12,2024-11-01T11:31:37
Amber Tiger IPA,IPA,268472709478,287,8.12,2023-10-03T21:10:57,2024-02-01T18:42:45
Bright Falcon Bock,ALE,631737091869,90,7.06,2022-08-17T20:36:41,2023-10-17T09:46:21
Amber Valley Bock,WHEAT,094572288493,140,12.44,2021-09-30T17:29:47,2022-02-13T20:39:40
Wild Ridge Bock,PILSNER,550557105399,190,20.04,2020-01-13T07:39:26,2023-01-31T06:24:10
Ancient Tiger Sour,PALE_ALE,629596465058,420,18.09,2020-11-27T10:22:53,2021-06-05T00:24:25
Session Eagle Porter,PORTER,131217305274,238,3.66,2023-12-04T11:10:56,2024-12-21T10:58:47
Roasted Coast Pilsner,LAGER,701586575851,33,8.28,2023-07-14T22:14:05,2023-08-15T17:45:58
Smooth Creek Lager,LAGER,058700597088,45,8.81,2023-06-17T19:08:52,2023-10-14T06:24:39
Rustic Falcon IPA,LAGER,885832350234,491,3.78,2024-05-08T02:35:11,2024-06-09T03:44:14
Crispy River Porter,WHEAT,076927124023,19,9.84,2020-01-04T23:24:22,2022-08-30T06:20:15
Bright Eagle Ale,WHEAT,165049362362,346,12.89,2024-11-24T02:59:53,2024-12-05T11:16:16
Wild Dragon Gose,ALE,862660267403,440,11.01,2023-11-30T08:33:14,2024-11-14T13:00:42
Smooth Raven Pilsner,PALE_ALE,105503898112,361,15.45,2020-12-05T18:58:57,2024-09-20T03:53:58
Bright Ridge Gose,WHEAT,409864991627,170,9.15,2024-09-26T20:40:59,2024-10-02T06:39:43
Bold River Gose,PALE_ALE,265804394368,315,20.29,2022-10-04T22:25:00,2024-07-30T08:29:49
Smooth Eagle Wheat,PALE_ALE,572642970781,52,18.7,2024-01-09T12:59:40,2024-07-16T03:48:29
Hoppy Creek Gose,IPA,824121970660,335,22.25,2022-10-06T13:38:26,2023-06-20T20:24:07
Roasted Lion Pilsner,GOSE,242015846713,488,5.21,2023-05-08T22:53:57,2024-06-05T07:37:00
Dark Tiger Stout,ALE,107583498893,237,8.03,2021-06-03T00:01:14,2024-05-26T15:23:57
Imperial Valley IPA,WHEAT,440236008138,5,3.78,2022-06-24T16:46:11,2022-06-30T00:27:22
Roasted Storm Porter,SOUR,384188113565,308,6.92,2021-02-18T10:36:39,2024-11-14T09:14:14
Hoppy Peak Porter,STOUT,576457349816,403,19.23,2022-11-28T00:16:14,2023-12-16T03:27:05
Bitter Storm Ale,GOSE,381500857501,183,3.7,2021-01-31T14:58:55,2022-12-16T16:36:03
Sweet Raven Stout,ALE,865144835828,177,10.18,2024-02-07T02:38:59,2024-03-12T11:25:53
Bright Valley IPA,PILSNER,741001067036,151,18.96,2024-09-19T02:12:05,2024-12-23T20:23:30
Malty Wolf Lager,PORTER,063705696236,91,6.8,2024-12-24T19:57:06,2024-12-25T14:41:50
Sweet Wolf Bock,IPA,996140674511,125,22.78,2024-02-23T14:53:42,2024-02-25T10:43:24
Hazy Creek Lager,WHEAT,883386952838,171,17.38,2023-12-14T20:44:24,2024-02-21T02:34:28
Malty Forest Pilsner,GOSE,977011182637,137,11.45,2020-04-25T19:11:53,2023-03-20T23:26:40
Sweet Raven Stout,IPA,152420840696,177,12.96,2020-03-28T12:00:29,2022-06-12T17:34:39
Sweet Storm Gose,GOSE,654430832953,222,22.69,2020-06-30T00:38:54,2021-09-27T09:35:10
Malty Creek Sour,LAGER,119103865036,331,21.39,2023-05-22T06:41:02,2023-08-28T09:37:35
Session River Gose,PALE_ALE,077949394489,316,24.97,2024-01-24T08:54:55,2024-10-11T12:42:12
Frosty Bluff Ale,STOUT,999400948548,234,8.21,2023-12-23T13:37:52,2024-12-05T09:02:06
Frosty Coast IPA,WHEAT,961232128667,314,23.39,2023-11-17T07:39:51,2024-09-14T14:18:48
Malty Storm Sour,GOSE,639185195527,226,19.68,2023-03-12T00:57:04,2024-10-20T13:55:43
Roasted Tiger Lager,PORTER,016742473884,171,22.55,2022-06-11T11:18:43,2023-06-23T16:30:44
Wild Forest Porter,LAGER,045873324502,325,23.54,2024-08-30T06:22:22,2024-12-07T03:08:22
Session Ridge Pilsner,PALE_ALE,891648402590,185,9.73,2024-11-04T08:29:50,2024-12-03T15:12:45
Malty Ridge Pilsner,PALE_ALE,725623620027,408,19.27,2021-09-04T06:10:56,2023-02-15T18:43:48
Cloudy Bear IPA,ALE,102604858073,236,4.02,2022-03-13T22:46:29,2023-04-09T17:10:29
Rustic Coast Pilsner,ALE,255710558181,313,7.33,2023-12-23T01:10:50,2024-08-09T23:26:30
Wild Fox Sour,STOUT,825066892878,79,3.31,2023-11-25T16:25:14,2024-05-21T19:39:49
Amber Fox Bock,PORTER,678829146351,80,20.24,2022-07-08T02:19:29,2024-01-29T08:51:17
Bitter River IPA,STOUT,465428076158,190,8.87,2023-12-06T01:06:56,2024-01-16T19:37:29
Bright Storm Ale,PORTER,292898222108,387,19.31,2022-04-05T06:24:14,2022-07-09T02:43:03
Cloudy Fox Pilsner,WHEAT,247289088909,71,21.18,2024-06-21T13:36:35,2024-11-05T12:09:59
Smooth Coast Stout,GOSE,819604112440,266,18.05,2020-05-15T06:57:30,2021-08-02T00:25:40
Amber Tiger Bock,IPA,038335341332,410,14.77,2024-11-08T19:18:29,2024-12-16T17:36:47
Roasted Fox Sour,GOSE,513987433605,439,19.53,2022-04-14T07:14:21,2022-12-13T07:29:52
Malty Wolf Sour,STOUT,379069464974,341,7.48,2022-10-25T01:46:03,2024-12-26T04:31:42
Bright Eagle Ale,SOUR,618561035841,217,15.29,2020-07-14T19:58:07,2020-11-26T05:45:35
Crispy Bear IPA,ALE,192372670414,182,22.02,2023-05-30T04:00:29,2023-12-11T07:04:53
Roasted Falcon Stout,LAGER,327950552834,63,9.15,2024-02-15T21:09:56,2024-06-09T10:40:59
Amber Storm Ale,ALE,445342527640,292,23.91,2021-09-23T17:25:54,2022-05-27T06:08:25
Crispy Raven Gose,SOUR,778306815876,46,5.17,2022-10-31T18:34:54,2023-11-15T14:06:55
Ancient Wolf Lager,IPA,115420955367,348,9.28,2020-08-15T02:24:14,2024-08-21T13:29:29
Imperial Coast Bock,ALE,960705891167,347,9.03,2023-03-11T17:52:55,2024-03-08T14:23:41
Frosty Falcon Porter,PORTER,004862380991,440,22.79,2021-04-08T10:23:06,2022-11-01T18:15:08
Malty Creek Gose,PALE_ALE,170153504310,297,10.2,2021-08-07T08:43:26,2023-07-26T18:31:50
Roasted Falcon Ale,ALE,461488222754,98,15.53,2024-02-13T22:34:32,2024-10-05T13:43:44
Golden Valley Sour,PORTER,440645706097,64,10.04,2023-03-01T22:31:40,2023-10-05T05:07:48
Bold Wolf Sour,LAGER,765134250679,158,6.15,2024-02-19T18:10:39,2024-08-13T07:10:24
Roasted Coast Porter,WHEAT,198217500242,79,23.18,2022-05-02T17:19:37,2023-11-24T00:20:43
Bright Creek Stout,PORTER,132914001336,475,16.61,2022-03-31T10:25:47,2023-03-26T11:36:50
Malty Hawk Gose,STOUT,490540284776,113,7.79,2022-07-14T16:32:23,2023-10-31T20:37:55
Golden Tiger Wheat,STOUT,273548828888,225,12.45,2022-09-02T03:59:14,2023-02-03T10:35:20
Smooth Peak Stout,IPA,706062186616,257,13.12,2020-04-30T14:11:03,2022-04-03T08:52:34
Hazy Falcon Ale,WHEAT,164638699515,280,14.78,2021-03-17T10:17:52,2023-04-18T21:30:34
Bold Bear Gose,WHEAT,266331899428,386,6.03,2022-10-21T22:21:53,2024-01-15T21:34:37
Rustic Coast IPA,PILSNER,021294550247,139,10.53,2020-03-19T10:41:37,2021-03-24T00:53:49
Bold Dragon Sour,ALE,627426514488,272,15.26,2021-01-29T12:27:04,2024-09-08T11:01:03
Rustic Storm Gose,ALE,506884611175,398,24.62,2020-02-05T03:00:44,2020-05-27T10:25:37
Dark Peak Wheat,SOUR,577414399710,121,21.47,2022-04-01T18:46:08,2024-10-13T14:36:18
Cloudy Hawk Gose,PORTER,097167293390,23,14.34,2023-12-08T07:07:26,2024-07-12T09:48:21
Roasted Tiger Sour,ALE,500512400757,210,16.69,2022-06-05T19:27:44,2023-06-01T20:15:36
Smooth Mountain Bock,LAGER,452680899961,214,19.64,2022-07-04T16:23:26,2024-12-24T12:50:46
Bitter Mountain Pilsner,LAGER,954799374644,290,7.62,2020-10-23T06:50:26,2024-08-09T08:20:40
Sweet Fox Sour,PALE_ALE,143352040209,390,5.14,2024-09-08T06:45:38,2024-10-23T10:13:07
Bright Storm Gose,WHEAT,287655753218,208,20.26,2021-06-10T11:23:30,2021-07-01T21:59:08
Bitter Ridge Porter,SOUR,240376788941,498,8.93,2024-05-17T11:02:46,2024-07-01T08:54:55
Bitter Peak Sour,LAGER,438363633114,263,3.04,2021-10-18T01:26:19,2024-09-02T19:42:11
Ancient Tiger Lager,PORTER,191786867955,401,9.21,2020-12-08T23:23:15,2022-01-23T09:42:06
Dark Bear Wheat,GOSE,647665629222,493,18.94,2020-08-03T02:34:42,2023-07-17T09:41:33
Rustic Bear Stout,GOSE,374155768466,354,23.17,2022-09-22T17:11:07,2024-01-14T15:55:36
Hoppy Fox Gose,STOUT,377057315668,208,3.98,2022-09-29T08:12:43,2023-01-31T16:20:25
Rustic Fox Lager,PALE_ALE,642999224196,212,24.98,2024-06-23T11:43:06,2024-07-24T18:57:32
Smooth Tiger Pilsner,PALE_ALE,128842532904,418,10.95,2023-12-13T23:18:23,2024-02-29T22:46:17
Malty Fox Pilsner,LAGER,513616102668,423,13.45,2024-05-14T15:35:00,2024-09-19T09:48:17
Hazy Bluff Stout,PILSNER,566040532032,84,24.71,2020-10-23T01:35:20,2024-08-21T12:48:57
Smooth Eagle Porter,PORTER,887888939313,423,16.89,2022-06-20T03:04:31,2023-09-05T01:34:09
Golden Wolf Wheat,PILSNER,886664923085,370,11.56,2023-01-23T23:01:02,2024-07-08T04:08:17
Ancient Ridge IPA,ALE,971916709695,18,7.83,2022-10-08T21:39:52,2022-12-23T12:04:08
Ancient Coast Bock,PALE_ALE,696598493757,118,4.15,2023-02-09T19:29:42,2023-08-22T12:33:50
Hoppy Wolf Sour,PORTER,426416769547,448,22.63,2022-08-12T07:30:11,2023-01-08T20:55:05
Bitter Tiger Lager,SOUR,702909674419,181,23.51,2020-05-21T21:16:00,2024-10-08T02:22:14
Amber Wolf Gose,PORTER,556042774726,383,16.67,2023-02-04T03:36:32,2024-04-08T22:57:46
Golden Mountain Ale,SOUR,685253516903,329,4.21,2020-06-11T17:22:07,2021-06-28T13:23:34
Smooth Tiger Sour,ALE,468464935950,481,21.02,2023-06-04T20:25:13,2023-08-07T06:14:34
Sweet Hawk Wheat,PORTER,166975983594,50,14.83,2021-06-21T17:57:29,2023-07-11T12:43:11
Bitter Raven Bock,WHEAT,442535746039,461,18.38,2020-04-08T10:48:20,2022-09-20T00:55:44
Sweet Raven IPA,STOUT,878235667786,323,17.14,2021-02-01T09:19:40,2023-02-02T11:55:25
Hazy Eagle Stout,GOSE,583623143251,88,23.39,2020-12-22T11:13:24,2024-06-17T21:08:41
Sweet Ridge Porter,PORTER,860273615758,473,23.88,2021-01-03T23:05:23,2021-10-10T10:25:12
Crispy Mountain Bock,PILSNER,363471733552,218,7.97,2022-01-05T04:33:56,2024-04-26T16:55:39
Frosty Storm Porter,PORTER,089021829746,406,22.34,2020-04-18T19:43:57,2020-10-03T06:00:47
Amber Dragon Wheat,PILSNER,647151616503,169,23.22,2022-04-19T04:32:04,2023-11-30T19:22:43
Sweet Wolf Pilsner,GOSE,421807612405,158,22.99,2020-01-29T01:18:49,2021-03-08T04:06:57
Amber Ridge Wheat,IPA,189888614845,155,15.15,2024-12-24T07:00:36,2024-12-29T04:31:58
Imperial Bear Gose,STOUT,089566142447,380,9.21,2022-08-26T19:08:55,2024-07-24T08:54:34
Malty Tiger Lager,SOUR,994148993782,147,19.52,2023-09-12T20:41:50,2024-10-31T22:40:23
Sweet Tiger IPA,PORTER,280178174006,262,19.23,2024-10-08T05:18:16,2024-10-19T19:55:14
Amber Valley IPA,IPA,955323170025,410,10.54,2021-11-06T13:47:49,2022-08-13T09:24:20
Smooth Mountain Porter,IPA,130487380254,230,11.44,2022-09-07T10:21:26,2023-02-21T12:50:51
Sweet Raven Gose,IPA,645706534198,70,16.72,2020-07-11T06:35:45,2023-11-20T23:21:08
Frosty Forest Bock,PILSNER,682535130593,272,6.95,2020-09-05T18:37:05,2021-12-21T03:06:02
Session Eagle Porter,GOSE,476172882899,59,12.17,2022-07-13T05:09:40,2024-10-05T23:36:10
Golden Fox Sour,SOUR,837041708127,63,19.14,2022-11-15T01:30:17,2024-06-19T20:18:23
Malty River Ale,IPA,077468318803,133,10.56,2023-06-16T11:38:25,2024-10-01T01:06:58
Hazy Falcon Ale,GOSE,067739629844,70,11.17,2023-02-05T08:01:28,2023-03-14T01:09:49
Ancient Bluff Porter,PALE_ALE,926019691914,138,19.49,2024-11-08T19:47:01,2024-11-30T03:49:12
Wild Bear Lager,PALE_ALE,086163272390,202,15.02,2021-04-16T13:41:10,2022-05-10T07:53:39
Session Raven Porter,STOUT,275829324328,460,21.52,2021-06-26T12:44:42,2024-09-13T02:06:24
Wild Fox Lager,ALE,829582661890,120,11.04,2020-12-03T11:12:23,2021-12-17T23:57:41
Imperial Bluff Stout,GOSE,140101067382,324,4.48,2023-02-13T00:27:33,2024-07-21T05:45:40
Hoppy Eagle Sour,LAGER,500753874138,280,20.78,2020-08-14T05:00:00,2022-08-31T17:13:48
Bold Coast IPA,ALE,389117146145,313,23.1,2021-09-30T21:37:07,2021-11-14T00:47:38
Wild Tiger Stout,IPA,794493967447,316,5.4,2022-09-08T11:41:43,2023-12-15T00:25:02
Cloudy Coast Bock,PILSNER,767748593330,393,24.13,2022-01-30T16:15:21,2024-10-31T07:32:50
Rustic Forest Pilsner,ALE,186339125167,45,6.2,2021-09-27T17:03:23,2024-08-03T16:52:06
Hazy Valley Ale,PALE_ALE,012141072268,427,10.51,2021-05-31T01:38:15,2022-06-13T16:45:01
Amber Storm Porter,WHEAT,201960466100,402,14.02,2023-10-10T05:50:01,2024-12-18T07:09:25
Imperial Coast Gose,WHEAT,232969969212,458,17.04,2021-11-23T05:25:31,2024-08-31T08:21:36
Imperial River Porter,SOUR,032011389165,267,23.21,2024-10-17T22:42:41,2024-12-04T11:21:48
Frosty Bluff Stout,ALE,953859798156,464,17.84,2020-02-23T17:41:53,2021-12-14T05:25:42
Smooth Mountain Pilsner,STOUT,288814482480,122,3.05,2022-04-18T03:15:28,2024-02-05T14:07:15
Dark Eagle Wheat,IPA,854481693361,323,7.0,2024-04-09T14:28:20,2024-06-27T14:27:31
Imperial Eagle IPA,LAGER,099747711340,9,18.77,2022-02-09T23:49:05,2022-12-02T07:51:15
Ancient Tiger Lager,PORTER,749667816439,335,19.61,2022-09-22T01:04:12,2023-08-15T07:38:22
Hoppy Bear Wheat,GOSE,638441912873,97,5.82,2024-08-03T12:10:32,2024-11-28T20:02:20
Dark Eagle Sour,PALE_ALE,942346060127,479,11.89,2020-10-29T02:31:04,2022-01-04T10:35:52
Bright Mountain Ale,WHEAT,443915024293,468,6.92,2021-07-20T08:39:12,2021-08-18T23:57:30
Dark River Wheat,STOUT,160781708327,409,16.5,2024-03-26T03:02:21,2024-10-08T08:40:18
Malty Ridge Stout,PILSNER,900734653106,138,13.45,2022-04-14T08:33:57,2022-08-10T13:49:30
Bitter Ridge Wheat,STOUT,778263201909,90,14.66,2021-07-25T02:49:31,2021-09-17T22:14:19
Bitter Peak Bock,GOSE,188317225008,5,3.09,2020-05-01T20:28:01,2024-04-18T07:17:26
Bold River Ale,ALE,015570235591,140,21.12,2021-05-15T17:38:46,2024-04-04T16:53:50
Smooth Storm Stout,STOUT,420108376826,296,23.05,2021-11-21T03:14:34,2024-01-06T20:16:41
Sweet Hawk Bock,GOSE,249251631059,433,18.66,2024-11-24T20:27:19,2024-12-25T01:22:51
Bold Peak Stout,IPA,844396943657,188,17.52,2024-10-06T09:31:23,2024-12-29T05:06:15
Bitter Raven Porter,WHEAT,432421215013,148,19.45,2024-03-20T17:48:31,2024-12-06T17:33:33
Golden Bluff Sour,IPA,216809159023,446,10.54,2022-07-19T20:54:55,2023-07-07T16:34:48
Bright Mountain IPA,SOUR,647652806042,19,10.73,2024-09-09T04:26:01,2024-09-18T14:03:51
Wild Valley Sour,ALE,358501058339,131,16.84,2021-01-31T07:20:32,2024-02-13T23:12:15
Crispy Eagle Wheat,PORTER,963065025323,208,20.26,2021-10-03T16:51:05,2024-08-23T07:00:40
Smooth Peak Porter,STOUT,913845589947,37,12.32,2024-05-16T15:58:55,2024-09-17T22:29:27
Session Wolf Ale,ALE,997990295044,481,4.62,2022-08-18T05:36:16,2022-11-24T10:41:51
Malty Bluff Porter,PILSNER,697815552356,239,4.61,2023-07-05T16:00:32,2024-12-20T04:16:22
Ancient Hawk Wheat,PORTER,888080105921,98,19.23,2022-04-19T17:37:18,2024-11-03T00:22:22
Hoppy Falcon IPA,WHEAT,763719373954,404,5.35,2020-09-18T14:56:34,2024-11-16T23:04:23
Hazy Bear Pilsner,STOUT,629209569817,436,21.69,2024-04-23T17:28:13,2024-05-17T15:33:51
Rustic Mountain Stout,ALE,556082771571,421,9.95,2023-06-11T06:50:06,2024-12-07T13:44:41
Imperial Hawk Gose,PILSNER,265152983658,209,14.41,2023-04-25T14:50:01,2024-02-07T02:25:53
Imperial Bear Lager,IPA,410571115418,277,14.74,2023-07-04T03:52:39,2024-11-10T11:49:33
Crispy Mountain Bock,ALE,776816754365,134,12.43,2022-08-23T07:56:25,2024-08-18T01:22:09
Bright Falcon Bock,STOUT,858861498489,12,9.07,2020-08-27T12:40:20,2021-12-13T14:10:30
Bright Fox Stout,PALE_ALE,445806339275,188,23.39,2023-05-01T01:01:34,2024-03-31T19:41:00
Bright Falcon Gose,SOUR,216057032380,268,15.21,2020-07-22T11:43:17,2021-02-25T12:42:14
Malty Mountain Pilsner,PALE_ALE,121557266421,356,11.52,2024-07-22T17:50:52,2024-11-07T20:56:41
Rustic River Bock,PALE_ALE,624344457012,13,7.67,2024-04-06T02:25:10,2024-07-29T23:11:12
Dark Tiger Bock,GOSE,343059847533,98,4.52,2023-05-11T00:27:40,2024-09-22T16:32:05
Imperial Peak IPA,STOUT,392029231546,361,24.18,2023-09-07T22:44:44,2023-11-05T22:13:07
Bright Lion Gose,GOSE,035337618927,361,9.68,2023-08-15T02:53:45,2023-08-22T03:43:02
Bright Mountain Lager,ALE,358662635868,7,10.34,2024-05-31T21:21:38,2024-11-21T17:31:00
Bitter Coast Pilsner,ALE,160748715834,312,20.27,2023-11-10T14:57:06,2024-10-17T19:42:50
Session Raven Sour,GOSE,330273687135,263,12.51,2021-07-04T13:10:57,2024-04-09T04:13:08
Hoppy Valley Wheat,PALE_ALE,113194011612,57,10.33,2021-08-16T05:14:23,2024-08-21T13:14:08
Roasted Hawk Pilsner,IPA,874384650551,168,21.07,2023-06-19T22:25:02,2023-12-29T02:04:18
Hazy Storm Gose,GOSE,095641299490,174,18.84,2020-07-01T21:02:48,2022-10-14T19:38:53
Dark Mountain Sour,STOUT,602571970955,370,17.94,2023-03-30T21:19:00,2023-12-11T01:25:11
Session Eagle Bock,IPA,524737573450,99,3.59,2020-10-06T20:31:07,2023-05-23T13:39:23
Session Peak Lager,PORTER,742520402055,331,20.28,2024-06-12T02:25:22,2024-11-25T05:41:27
Imperial Ridge Bock,WHEAT,601552875040,131,3.21,2020-02-19T05:03:14,2024-03-25T19:51:23
Hoppy Fox Lager,PALE_ALE,824382833964,109,14.72,2022-02-20T20:27:59,2024-03-14T04:35:46
Hoppy Hawk Sour,WHEAT,024968021311,173,8.19,2023-03-14T03:47:55,2024-02-16T14:15:18
Session Ridge Pilsner,WHEAT,291799455655,30,5.63,2023-04-19T23:43:24,2024-06-24T00:06:58
Crispy Fox Stout,WHEAT,935542485064,146,24.93,2023-03-23T12:07:00,2023-06-20T17:15:17
Dark Valley Stout,WHEAT,677043363450,321,24.82,2024-05-12T00:10:53,2024-05-31T16:26:08
Rustic Storm Pilsner,ALE,109257906840,235,17.49,2022-04-15T16:38:10,2024-05-22T21:58:01
Dark Bear Sour,PILSNER,874436357599,238,14.28,2020-01-07T13:14:39,2021-03-19T14:57:36
Bright Coast IPA,LAGER,985193026469,29,10.15,2024-07-29T07:30:01,2024-08-04T01:10:15
Crispy Wolf IPA,WHEAT,887214756637,26,12.45,2023-02-06T23:08:05,2024-05-30T07:21:51
Dark Fox Stout,LAGER,825007171498,165,17.18,2020-07-06T03:54:18,2022-02-02T14:51:58
Imperial Bear Gose,LAGER,826891817852,363,14.4,2021-07-21T12:29:24,2023-01-27T04:04:11
Frosty Wolf Porter,WHEAT,520365932069,220,18.37,2022-06-09T15:40:52,2024-07-29T11:32:39
Imperial Falcon Pilsner,ALE,044584594657,446,11.62,2022-05-12T22:42:40,2022-05-31T17:12:50
Smooth Falcon Lager,GOSE,897113419738,254,16.39,2023-02-15T04:34:55,2023-05-23T17:08:42
Bitter Valley Pilsner,WHEAT,295221513518,172,21.21,2024-06-25T16:46:38,2024-08-22T12:01:54
Bright River IPA,WHEAT,894687247446,94,22.81,2020-06-22T19:24:43,2023-01-05T14:31:33
Dark Dragon Ale,STOUT,958853909093,89,18.44,2021-03-11T10:39:37,2024-10-03T00:46:50
Imperial Storm IPA,GOSE,738658679257,287,11.58,2022-05-04T10:42:46,2023-03-03T04:10:43
Crispy Dragon Pilsner,IPA,509232782037,436,15.82,2022-05-29T03:28:07,2024-06-07T01:39:51
Ancient Coast IPA,LAGER,817031478718,473,22.61,2024-04-23T19:32:34,2024-10-16T13:27:33
Rustic Eagle Bock,ALE,339039868907,159,23.73,2023-05-21T02:15:26,2024-01-24T20:31:19
Bold Hawk Stout,SOUR,246810954000,204,23.73,2022-09-10T04:19:53,2023-12-12T17:58:04
Crispy Bear Porter,GOSE,194604514573,403,10.14,2023-10-22T23:33:29,2024-03-17T03:20:45
Cloudy River Ale,GOSE,090208044700,485,13.5,2022-04-18T14:25:23,2022-05-05T02:25:42
Dark Hawk IPA,LAGER,028922462057,248,15.71,2020-01-08T14:22:56,2024-01-04T22:14:36
Malty Bear Ale,STOUT,888510257569,478,21.27,2020-12-02T05:59:28,2021-08-10T10:41:33
Imperial Mountain Pilsner,PILSNER,940366684206,334,15.25,2022-12-20T05:16:04,2023-09-26T20:01:31
Frosty Storm Stout,PILSNER,925767787095,388,12.51,2021-01-10T10:40:58,2021-09-02T22:08:04
Dark Dragon IPA,PALE_ALE,455684018112,59,5.01,2021-09-24T19:48:57,2024-03-10T08:40:37
Rustic Falcon Wheat,STOUT,783703685943,279,22.75,2021-07-12T10:18:44,2022-01-07T00:52:43
Dark Mountain Sour,LAGER,010730904265,452,14.1,2024-03-01T02:03:34,2024-10-27T17:50:11
Roasted Ridge Stout,PILSNER,019488457674,286,12.85,2024-02-13T11:24:38,2024-12-26T11:08:05
Bright Wolf Ale,WHEAT,604826649436,262,22.94,2022-03-23T21:30:38,2024-07-26T15:49:35
Bold Wolf Ale,PALE_ALE,370827400374,375,19.78,2020-11-16T09:06:58,2024-11-30T01:44:26
Cloudy Forest Gose,STOUT,651497008679,74,6.89,2022-10-30T16:14:28,2022-11-06T09:36:24
Frosty Forest Wheat,PORTER,986644383546,448,22.33,2021-01-25T16:55:57,2021-02-15T01:59:42
Roasted Valley Stout,PILSNER,275042872634,388,6.03,2022-03-12T04:40:41,2022-12-19T14:37:01
Rustic Raven IPA,PALE_ALE,971175828737,234,20.02,2022-04-09T11:40:42,2023-10-25T09:36:32
Cloudy Lion Pilsner,IPA,241337601318,135,23.24,2020-11-04T20:02:48,2021-12-23T06:22:43
Golden Valley IPA,LAGER,226471489010,121,22.86,2023-01-08T03:07:00,2024-04-23T19:41:16
Hazy Creek Stout,WHEAT,714710693804,386,19.68,2023-03-27T09:47:09,2023-05-30T18:15:17
Golden Bluff Wheat,SOUR,494446337551,334,13.98,2021-10-03T13:10:08,2023-01-29T02:32:45
Frosty Coast Pilsner,SOUR,048087020287,489,12.59,2023-03-07T20:24:27,2024-10-22T14:24:03
Malty Raven Bock,STOUT,445848141847,107,16.55,2023-08-02T19:49:56,2024-05-08T04:36:21
Imperial Creek Stout,IPA,461861226370,246,13.14,2022-11-19T04:36:58,2023-12-28T10:26:02
Crispy Bluff Sour,STOUT,867055575229,340,16.9,2021-04-02T23:48:09,2023-07-04T09:47:28
Hoppy Mountain Stout,PORTER,140433687021,500,5.45,2023-05-19T02:56:30,2023-10-23T17:18:38
Bitter Mountain Stout,LAGER,258386126065,26,19.18,2021-06-05T00:01:52,2024-03-17T04:20:06
Hazy Forest Porter,SOUR,421347392800,368,16.92,2023-12-06T11:43:03,2024-03-08T19:48:55
Hoppy Mountain Gose,SOUR,468360517067,384,15.95,2021-05-19T20:10:06,2024-03-18T00:34:00
Session River Sour,PALE_ALE,625576678065,45,19.76,2023-06-10T08:16:47,2023-08-30T01:16:52
Session Eagle Wheat,LAGER,132949501501,465,23.66,2024-07-05T09:16:19,2024-07-12T09:47:58
Frosty Coast Porter,IPA,539270207108,2,18.35,2020-05-31T15:32:23,2021-11-28T03:25:32
Hoppy Valley Ale,ALE,541429577893,198,20.82,2022-01-27T13:00:25,2022-09-04T05:29:42
Golden Dragon Gose,SOUR,009761813008,146,24.66,2021-06-08T13:08:59,2024-03-29T13:19:06
Bold Wolf Ale,WHEAT,925580565323,305,22.41,2023-10-27T22:55:51,2024-01-03T07:54:13
Frosty River Gose,STOUT,470551846164,339,10.05,2020-10-23T20:18:36,2021-12-16T03:48:46
Wild Bear Gose,IPA,811895768330,388,23.67,2024-05-19T08:33:38,2024-09-23T02:30:01
Sweet Lion Sour,SOUR,355622099689,305,8.92,2021-02-02T04:16:35,2022-02-25T18:56:19
Hoppy Ridge IPA,IPA,345329219316,455,6.23,2023-12-23T13:02:23,2024-12-25T03:46:52
Wild Fox Wheat,IPA,672628437293,350,10.24,2024-01-24T21:09:47,2024-11-19T19:18:08
Cloudy Bluff Porter,SOUR,774304652123,364,19.87,2021-03-10T11:01:04,2022-08-06T21:54:25
Golden Coast Sour,ALE,462773831536,240,22.44,2023-03-03T10:36:49,2023-11-09T12:30:21
Session Ridge Ale,SOUR,179478331695,285,21.94,2020-05-11T20:43:20,2024-07-22T17:08:25
Imperial Coast Stout,IPA,889859007432,62,8.03,2020-04-23T01:48:23,2023-04-26T23:53:41
Session Wolf Porter,WHEAT,804055680127,296,15.33,2021-06-26T02:35:47,2022-02-20T12:57:30
Sweet Peak Lager,PORTER,785751770723,170,24.41,2021-07-01T03:43:30,2022-11-01T16:46:12
Dark Valley Sour,LAGER,292636184688,257,19.85,2024-06-02T13:41:42,2024-10-31T15:50:54
Smooth Bluff Sour,PORTER,074805994578,21,9.8,2021-11-23T12:19:50,2022-07-13T13:38:02
Frosty Raven Porter,ALE,172139493619,12,24.74,2022-09-11T08:54:23,2022-11-25T18:19:48
Golden Valley Pilsner,WHEAT,184514985345,383,23.98,2022-01-13T17:09:49,2022-02-21T18:44:50
Bright Ridge Porter,IPA,534940158833,428,18.05,2022-12-22T04:40:06,2024-12-18T02:19:02
Ancient Dragon Pilsner,IPA,709300317845,63,23.73,2024-11-30T15:19:43,2024-12-29T06:16:50
Ancient River Stout,SOUR,592553124536,177,9.16,2020-06-08T14:52:27,2022-02-23T21:03:12
Wild Hawk Porter,PALE_ALE,975989827508,420,4.06,2020-04-13T17:28:44,2021-07-24T10:16:07
Sweet Valley IPA,IPA,841520455494,459,19.69,2023-07-04T20:01:24,2024-02-19T14:12:12
Rustic Wolf Sour,WHEAT,938978412012,220,10.24,2023-04-27T03:05:38,2023-11-11T02:55:06
Imperial Bluff Pilsner,IPA,593646602734,75,20.33,2023-01-19T00:44:40,2024-06-25T17:23:16
Crispy Dragon IPA,GOSE,007978009704,64,4.18,2023-07-30T02:31:38,2024-06-30T09:58:21
Wild Eagle Stout,PILSNER,442046614825,112,7.08,2020-04-08T09:17:12,2022-12-10T23:24:53
Bright Creek Sour,ALE,633947589171,335,5.05,2023-05-16T09:37:57,2023-09-22T09:25:39
Amber Fox Sour,WHEAT,101760356785,102,12.9,2021-08-09T05:06:25,2024-06-17T21:10:46
Bitter Wolf Gose,PILSNER,582177735061,466,15.17,2021-09-27T05:49:07,2022-09-23T12:40:44
Bright Peak Pilsner,GOSE,030272825341,474,22.42,2022-03-01T00:18:35,2023-11-26T11:00:30
Rustic Dragon Stout,IPA,002928729622,415,16.42,2023-04-29T06:07:52,2024-09-07T04:40:09
Crispy Ridge Gose,WHEAT,830200218021,70,10.69,2022-08-26T12:13:04,2023-05-11T11:12:54
Bitter Fox Sour,IPA,194255186579,426,22.88,2024-11-05T09:44:55,2024-12-23T08:51:44
Imperial Storm Sour,WHEAT,886076652066,206,13.22,2024-02-17T18:08:17,2024-08-28T15:09:10
Hoppy Fox Gose,STOUT,416032106383,334,15.54,2022-10-14T14:47:49,2024-03-05T13:40:08
Roasted Forest Pilsner,IPA,930395094989,217,16.88,2020-10-10T11:58:42,2023-12-05T11:23:10
Malty Falcon Wheat,IPA,150390449990,388,23.84,2024-09-24T19:32:13,2024-12-08T05:29:28
Session Valley Sour,PALE_ALE,968511485259,221,8.36,2020-07-22T07:21:27,2021-07-14T07:09:50
Golden Mountain Porter,LAGER,542484555258,173,14.16,2024-01-03T22:42:18,2024-02-17T12:58:21
Cloudy Fox Wheat,SOUR,037008869763,425,5.04,2023-10-01T14:40:17,2024-10-17T06:18:34
Malty River IPA,ALE,073478908685,181,5.13,2021-09-30T09:41:15,2022-10-03T10:47:29
Bright Mountain Pilsner,LAGER,322875296782,294,22.99,2021-10-16T20:37:55,2024-04-22T23:29:54
Malty Creek Pilsner,SOUR,945034065615,183,15.93,2021-02-24T05:53:10,2021-04-25T04:08:00
Bold Forest Sour,PALE_ALE,856613452718,361,11.74,2022-01-08T06:43:39,2023-08-28T15:01:57
Smooth Mountain IPA,STOUT,714271455230,47,16.41,2022-11-14T20:39:08,2024-08-14T22:09:56
Hoppy Tiger Ale,SOUR,110103176864,54,13.74,2023-11-12T18:38:10,2024-05-25T19:39:45
Amber Forest Stout,PILSNER,182932355084,439,11.88,2021-03-24T03:05:48,2023-11-20T04:07:34
Wild River Porter,LAGER,170420183192,3,10.84,2023-11-23T04:57:06,2023-12-27T19:00:27
Dark Storm IPA,WHEAT,261214333061,385,12.17,2022-07-24T05:00:20,2023-08-29T04:38:22
Session Storm Porter,PALE_ALE,132825581605,169,10.4,2020-11-17T04:46:45,2022-08-04T07:37:19
Frosty River Stout,PORTER,600145019430,283,19.12,2023-05-23T17:06:22,2024-12-12T17:29:43
Bright Bear Bock,IPA,698694189098,217,19.24,2021-03-05T04:26:00,2022-08-29T15:10:33
Hazy Mountain Ale,PORTER,391974826155,211,9.88,2020-02-23T08:14:10,2024-03-28T20:58:02
Malty Creek Pilsner,PORTER,919376756754,122,17.32,2020-05-31T19:28:53,2023-01-02T19:03:44
Amber Wolf IPA,PORTER,130955875242,131,19.57,2022-05-04T05:09:48,2022-09-18T20:53:14
Rustic Falcon Sour,SOUR,990358868010,452,10.24,2020-12-08T12:19:44,2024-02-01T10:27:38
Hoppy Mountain Sour,STOUT,557288521308,170,10.94,2023-11-25T11:53:39,2023-12-21T21:40:24
Dark Peak Lager,PILSNER,808244575572,24,23.48,2023-04-07T14:09:01,2024-10-21T05:23:07
Bitter Mountain Bock,ALE,451302296815,174,17.87,2021-08-11T08:44:10,2022-03-12T11:26:12
Hazy Bear Wheat,PALE_ALE,918217707341,223,11.05,2023-01-31T11:50:00,2024-05-12T14:13:24
Malty Fox Porter,STOUT,052843331974,122,16.47,2021-04-22T18:34:17,2022-10-04T23:44:17
Session Tiger Sour,PILSNER,364478910879,108,14.41,2023-04-21T09:48:41,2023-06-16T06:27:36
Session Mountain Porter,PALE_ALE,891258582407,384,6.71,2023-07-24T21:40:35,2024-06-16T07:53:55
Bold Fox Gose,STOUT,656006297131,447,22.1,2021-11-21T01:39:05,2024-02-14T05:49:30
Frosty River Sour,IPA,156414209266,438,6.8,2020-04-18T17:54:22,2021-12-21T16:14:43
Sweet Falcon Sour,LAGER,220141816614,171,20.84,2020-04-20T12:14:11,2023-10-20T06:49:41
Amber Forest Gose,LAGER,945799923378,384,16.64,2022-11-30T03:00:39,2024-01-02T08:54:43
Hoppy Coast Sour,STOUT,397971076044,242,19.99,2022-01-22T15:26:37,2022-11-22T08:04:07
Hazy Forest Wheat,STOUT,280975052809,221,6.32,2020-03-24T00:33:27,2021-10-22T10:07:22
Amber Bear Wheat,PALE_ALE,264607005904,112,13.55,2023-10-17T20:13:29,2024-04-07T15:58:04
Hoppy Raven Ale,SOUR,670106404331,422,8.81,2021-04-30T13:41:36,2022-12-05T07:44:44
Crispy Storm IPA,GOSE,966552215809,320,12.03,2024-08-21T09:42:57,2024-12-05T21:08:37
Bright Raven Lager,SOUR,930531938863,236,22.09,2020-12-23T17:13:51,2023-04-16T19:04:18
Wild Storm Ale,PILSNER,435585425342,459,9.1,2021-06-02T04:19:53,2021-12-28T02:05:44
Bold Coast Wheat,LAGER,844344958763,135,12.26,2020-07-22T14:22:42,2024-03-24T04:44:12
Malty River Porter,LAGER,654817349877,319,14.53,2024-11-30T14:33:12,2024-12-01T18:53:12
Session Bear Bock,IPA,524462855327,235,6.98,2021-02-23T12:58:09,2023-07-08T09:19:35
Imperial Ridge Bock,SOUR,651577382237,47,10.69,2024-07-20T20:25:39,2024-10-19T07:07:57
Smooth Creek Stout,LAGER,150648722705,283,3.36,2024-01-06T18:30:14,2024-04-09T14:56:18
Wild Raven Gose,IPA,199445166018,348,9.74,2023-12-10T10:26:15,2024-08-12T09:05:59
Golden Dragon Wheat,PORTER,537994471578,436,5.56,2020-02-03T15:33:58,2021-05-06T03:08:26
Sweet Wolf Gose,PILSNER,274284402482,83,19.62,2021-08-08T09:18:56,2024-01-30T12:03:38
Sweet Bear Pilsner,PORTER,393486195331,449,19.08,2022-04-29T02:35:41,2022-10-31T14:00:32
Frosty Falcon Gose,LAGER,007300665299,391,15.12,2022-05-10T19:49:56,2024-01-06T10:37:31
Cloudy Forest Gose,GOSE,101866681041,152,15.4,2024-08-22T15:18:04,2024-12-01T01:48:43
Hoppy Forest Lager,PORTER,189180926331,334,17.16,2023-11-21T20:55:07,2024-04-01T10:24:12
Wild Hawk Wheat,PILSNER,366870004648,491,21.6,2024-01-16T02:40:36,2024-08-06T03:56:30
Dark Ridge Bock,PALE_ALE,476466394454,3,21.71,2020-05-05T01:24:34,2022-12-22T15:31:12
Ancient Mountain Wheat,PALE_ALE,281375798178,12,16.1,2022-04-16T22:04:26,2024-02-24T11:12:48
Bold Peak Pilsner,IPA,453977110456,14,5.33,2020-10-05T22:42:33,2022-12-25T06:05:39
Dark Hawk Pilsner,PALE_ALE,291325847931,468,24.22,2021-07-11T16:55:46,2024-01-12T23:13:27
Amber Creek Stout,PALE_ALE,613986224322,29,16.28,2020-02-28T14:15:54,2023-02-04T11:14:20
Wild Falcon Stout,GOSE,644864521233,287,18.06,2020-07-25T15:19:30,2020-09-03T13:41:32
Cloudy Bear Porter,PORTER,848987774628,391,12.03,2024-04-12T03:20:34,2024-05-19T19:00:51
Rustic River Lager,SOUR,011723469507,66,17.09,2023-01-31T15:04:35,2024-06-02T13:55:56
Frosty Dragon Gose,WHEAT,682413867203,282,11.73,2022-03-03T20:17:34,2023-10-29T14:26:07
Bright Coast Porter,PILSNER,581934097221,212,16.1,2020-05-18T09:03:41,2022-11-23T03:39:15
Dark Peak Lager,ALE,037695330233,313,19.23,2023-06-01T16:04:06,2023-11-27T18:58:36
Smooth Falcon Bock,SOUR,700065497104,90,23.65,2024-06-25T06:10:45,2024-07-10T23:30:20
Frosty Bear Stout,PILSNER,307649791310,64,21.42,2023-08-20T05:00:01,2024-12-03T05:22:04
Crispy Falcon Lager,PORTER,780831858884,324,23.01,2022-03-09T03:11:01,2023-05-07T16:32:57
Ancient Lion Sour,SOUR,697631670478,64,14.62,2020-03-02T02:34:11,2022-11-30T05:09:03
Bitter Wolf Ale,PALE_ALE,308231850252,21,11.36,2023-01-13T21:20:48,2023-11-28T23:17:49
Bold Bear Porter,WHEAT,606669297427,257,5.4,2023-06-11T03:30:30,2023-08-03T00:41:04
Frosty Raven Pilsner,PORTER,371918933436,214,23.18,2024-03-02T06:28:23,2024-11-10T14:18:15
Wild Valley Wheat,SOUR,798507576745,315,7.0,2021-12-17T20:59:31,2023-06-01T16:08:45
Malty Forest Ale,LAGER,865166910540,59,3.34,2021-07-03T08:29:31,2022-09-09T22:32:26
Golden Peak Lager,LAGER,637654202540,296,7.53,2022-07-01T03:03:19,2023-10-09T15:20:09
Rustic Storm Porter,PALE_ALE,693987895911,75,6.07,2022-10-14T05:51:22,2024-07-17T10:41:56
Rustic Valley Stout,PALE_ALE,025004498138,409,14.81,2022-03-05T03:08:13,2024-10-13T12:49:11
Crispy Tiger Stout,SOUR,578159837339,61,24.26,2021-03-27T20:44:29,2023-06-15T08:22:53
Dark Lion Ale,PILSNER,397168267001,371,7.18,2023-06-18T23:23:10,2023-11-30T21:47:27
Bitter Tiger Pilsner,IPA,650013604699,78,9.09,2020-11-25T23:49:22,2022-05-23T21:21:59
Session Fox Lager,LAGER,404148801782,218,13.83,2024-01-15T16:48:41,2024-02-29T09:31:04
Sweet Mountain Stout,ALE,426258438385,11,9.67,2022-09-18T22:52:23,2022-12-24T16:52:36
Roasted Ridge Porter,STOUT,508416752669,366,6.55,2022-05-19T17:38:14,2023-11-15T00:53:32
Bright Mountain Gose,ALE,491404372241,148,13.34,2021-03-26T15:01:15,2024-04-12T13:14:24
Session Ridge Lager,PILSNER,247164943366,275,4.51,2021-01-05T18:59:43,2024-10-11T12:06:13
Frosty Dragon Lager,ALE,499452698322,445,10.57,2021-05-13T14:02:06,2024-03-21T21:58:59
Frosty Dragon Pilsner,GOSE,011550766385,69,18.73,2021-06-22T02:25:53,2022-09-25T16:13:27
Sweet Ridge Wheat,WHEAT,982521816177,313,3.85,2024-06-05T09:59:15,2024-07-15T22:33:42
Golden Fox Sour,ALE,423591402333,153,10.42,2022-08-17T13:22:22,2023-11-17T16:31:57
Bright Hawk Gose,GOSE,252431368976,194,14.02,2022-05-24T08:07:50,2023-12-01T17:48:25
Sweet Peak Stout,WHEAT,248463369590,308,5.09,2024-08-30T12:00:45,2024-12-14T02:13:31
Bold Lion Stout,SOUR,213344127761,316,8.75,2020-12-23T16:58:52,2022-06-14T05:59:51
Hoppy Peak Gose,IPA,272009947423,367,15.55,2023-11-02T13:25:05,2024-05-31T17:56:21
Golden Falcon Porter,GOSE,455940989426,166,19.33,2020-08-09T15:40:53,2022-03-26T22:03:14
Golden Tiger Stout,PALE_ALE,622877907796,316,13.97,2024-06-17T21:02:46,2024-10-03T06:18:50
Dark Forest Sour,IPA,254512533884,335,9.54,2020-10-10T04:52:26,2023-10-24T15:35:55
Malty Peak Gose,PORTER,142482815734,446,4.94,2021-10-07T06:56:38,2024-03-22T22:28:47
Hazy Falcon Wheat,PALE_ALE,144635449764,87,19.15,2022-06-27T16:13:44,2024-07-02T20:49:39
Dark Fox Sour,WHEAT,153825646293,193,21.18,2020-12-04T06:38:49,2023-03-10T01:47:58
Smooth Dragon Sour,IPA,203342026902,292,6.44,2020-09-04T16:57:47,2022-01-29T02:05:34
Roasted River Wheat,GOSE,889455762831,118,16.82,2021-03-20T19:45:34,2022-05-26T20:48:12
Crispy Mountain Ale,PALE_ALE,157681737441,375,10.92,2021-02-13T03:28:55,2022-10-29T12:34:58
Frosty Forest Wheat,WHEAT,476899185421,103,20.25,2020-01-11T12:37:00,2020-10-25T22:23:30
Hoppy Lion Porter,WHEAT,696090253993,480,3.57,2024-11-29T16:40:11,2024-12-10T20:47:30
Rustic Coast Ale,PILSNER,292416985707,99,20.97,2024-04-26T13:31:54,2024-05-31T16:45:58
Roasted Creek Bock,PALE_ALE,245656800068,482,13.52,2022-08-06T16:59:46,2023-05-05T18:37:08
Wild Dragon Porter,PORTER,285530287190,337,13.41,2020-09-11T03:10:26,2023-11-21T04:58:06
Malty River Porter,GOSE,117291506274,387,7.09,2022-12-31T18:40:36,2023-02-13T21:31:13
Wild Wolf Ale,PALE_ALE,412208114890,219,24.46,2021-10-13T09:29:20,2023-09-11T12:33:54
Frosty Mountain Stout,WHEAT,698914438268,397,17.79,2021-04-03T11:33:53,2022-11-21T06:05:08
Wild Storm Sour,WHEAT,022266719390,294,4.48,2020-01-29T08:52:10,2024-10-19T15:17:57
Ancient Falcon Lager,SOUR,047665460478,304,14.86,2021-12-02T08:02:35,2023-04-15T07:11:49
Session Dragon Lager,PORTER,860210349368,85,18.43,2020-11-17T20:21:35,2023-05-19T12:58:34
Hoppy Coast Bock,PALE_ALE,955804207450,2,14.75,2022-08-18T23:38:13,2024-10-23T11:41:55
Rustic Peak Stout,SOUR,681509543296,7,13.82,2023-02-07T10:23:27,2024-02-25T09:47:27
Hoppy Creek Stout,PORTER,232027993425,391,5.39,2022-08-18T13:32:36,2024-08-20T02:49:10
Cloudy Hawk Sour,PILSNER,040280226441,431,4.26,2022-04-07T20:12:40,2023-04-04T11:06:13
Dark Dragon Bock,LAGER,485693364086,212,22.08,2024-08-25T11:36:31,2024-08-26T23:49:44
Frosty Ridge Gose,GOSE,277240045124,269,6.96,2021-04-27T19:17:35,2024-07-08T17:00:17
Bright Storm Porter,PORTER,970660366804,184,4.39,2022-04-04T05:52:58,2024-06-29T06:50:25
Wild Dragon Porter,PALE_ALE,674230247955,64,11.8,2023-10-09T16:27:54,2024-10-06T17:58:41
Bold River Stout,PALE_ALE,054331726513,474,18.9,2021-01-31T07:27:08,2024-11-18T10:51:22
Hoppy Creek IPA,PILSNER,152564829400,225,19.92,2021-12-25T07:41:43,2022-11-13T21:37:41
Cloudy Valley Stout,LAGER,512564116399,107,9.73,2023-04-27T21:54:17,2023-12-29T17:42:50
Cloudy Bear Stout,PALE_ALE,333105251842,229,5.92,2022-04-08T10:16:23,2024-12-17T21:44:04
Smooth Lion Ale,PORTER,687026389122,160,10.35,2021-10-04T03:16:43,2023-01-06T11:02:45
Wild Bear Lager,SOUR,403572810510,467,11.5,2024-10-17T18:47:58,2024-11-22T01:55:15
Dark Dragon Gose,STOUT,615161185087,190,3.27,2024-05-14T10:43:20,2024-08-04T08:46:35
Ancient Dragon Sour,SOUR,415175161060,405,24.43,2021-07-06T02:28:48,2023-04-29T19:57:02
Malty Dragon Lager,WHEAT,731479810917,24,9.93,2023-07-13T14:41:38,2024-01-02T04:20:08
Malty Bear Porter,STOUT,143638047472,372,11.81,2024-08-19T17:21:42,2024-10-20T23:03:58
Bold Wolf Pilsner,IPA,705820750402,228,22.81,2021-09-30T06:27:14,2024-09-25T22:45:47
Frosty Creek Sour,IPA,793586442361,143,16.52,2021-05-08T22:04:23,2022-09-21T12:06:50
Rustic Hawk Stout,WHEAT,316897825075,268,12.68,2023-07-11T23:05:36,2023-08-05T16:06:12
Hoppy Tiger Wheat,PILSNER,508538110483,3,6.39,2020-02-24T17:50:12,2023-04-09T11:48:25
Smooth Hawk Porter,GOSE,298173702957,293,11.33,2022-10-25T04:35:04,2024-03-04T07:29:06
Rustic Fox Wheat,STOUT,876903701415,211,17.68,2023-08-20T08:14:25,2024-03-01T19:38:55
Bright Valley Gose,IPA,336430168472,252,19.14,2023-05-11T06:17:26,2024-03-09T01:35:06
Hoppy Valley Gose,PORTER,058030418340,267,23.35,2024-09-02T17:50:19,2024-12-02T06:56:47
Session Storm Porter,GOSE,644910692542,398,19.61,2023-08-20T18:27:55,2024-03-18T02:27:37
Hazy Hawk Stout,IPA,457289991860,163,24.37,2022-12-12T08:49:06,2024-06-16T23:22:37
Crispy Dragon Wheat,PILSNER,046343928155,216,21.53,2023-12-29T11:37:12,2024-01-14T06:04:26
Wild Ridge Lager,WHEAT,714607214458,182,23.31,2024-08-19T20:13:10,2024-11-04T15:09:08
Crispy Lion Gose,SOUR,885755333975,407,6.47,2024-05-11T10:41:08,2024-09-02T11:53:25
Dark Wolf Wheat,PILSNER,962393759717,13,13.03,2020-04-13T12:10:53,2024-01-03T07:54:13
Bitter Ridge Stout,LAGER,633401567067,116,24.82,2023-01-12T03:17:16,2024-03-06T23:18:16
Crispy Peak Wheat,ALE,822628040467,9,15.58,2021-02-16T12:31:22,2023-02-23T05:31:31
Bold Peak Gose,IPA,280665825146,110,19.93,2023-03-28T06:20:16,2023-08-16T14:35:09
Wild Peak Stout,PILSNER,508537292303,189,5.45,2020-03-04T08:39:26,2024-05-02T06:13:07
